;order_id;token_id;name_hro;type2;amount_sold_x;updated_timestamp;ETH_USD;amount_sold_y;USDC_USD;average_sold;shift_name_hro;positive;percentage
166;210031784;204263222789392562075329860814305295260;DC Pride Common Harley Quinn™;ETH;0.003248;2022-06-21T16:37:49.41964Z;3.62830832;28.0;28.0;14.0;DC Pride Common Harley Quinn™;13.0;671.71
1206;209879557;15896978399835659461087214579653609444;The Batman Newspaper Clippings I'm here;ETH;0.001344;2022-06-21T01:02:30.381677Z;1.5013689599999998;11.2;11.2;3.0;The Batman Movie Poster: The Batman Batman;3.0;645.99
1039;209950249;150214859321501261463551339466924574621;DC Pride Uncommon Poison Ivy™ & Harley Quinn™;ETH;0.02016;2022-06-21T09:03:46.071059Z;22.5205344;168.0;168.0;12.0;Batman Universe Epic Alfred Pennyworth;12.0;645.99
1102;209948512;220489574065115358940077444468388306690;DC Pride Common Aqualad™;ETH;0.00448;2022-06-21T08:51:00.255639Z;5.004563199999999;28.0;28.0;16.5;Head To Head Sinestro vs. Green Lantern;16.5;459.49
3826;209368352;152307854298266392584289102659989789549;Line Art / Inks Wonder Woman;ETH;0.001904;2022-06-18T21:06:04.413742Z;2.12693936;11.2;11.2;1.0;Batman Universe Common Solomon Grundy;1.0;426.58
1208;209872794;306160388624012022160060838523583687359;The Batman Newspaper Clippings I'm here;ETH;0.002128;2022-06-21T00:15:29.277601Z;2.37716752;11.2;11.2;3.0;The Batman Newspaper Clippings I'm here;1.0;371.15
1207;209872849;124209980487507741259236427625721669364;The Batman Newspaper Clippings I'm here;ETH;0.002128;2022-06-21T00:15:44.369984Z;2.37716752;11.2;11.2;3.0;The Batman Newspaper Clippings I'm here;2.0;371.15
865;209995298;142799169271767651500803788085526361467;DC Pride Superior Red Robin™;ETH;0.0392;2022-06-21T13:34:37.131338Z;43.789927999999996;197.12;197.12;9.5;Team-Ups Batman & Robin;9.5;350.15
5621;208425077;112874381463529288710341856540810283146;Line Art / Inks Batman & Catwoman;ETH;0.00112;2022-06-15T02:31:06.466629Z;1.2511407999999997;5.6;5.6;1.0;Vivid Moments Death of Superman  - Superman #75 (1992);1.0;347.59
1507;209877355;142651373789450128497207360141257366666;The Batman From Gotham City The Call;ETH;0.001344;2022-06-21T00:45:09.52373Z;1.5013689599999998;6.72;6.72;1.0;The Batman Case Files Hero;1.0;347.59
167;209933862;192255420580744577053641354277738189468;DC Pride Common Harley Quinn™;ETH;0.00672;2022-06-21T06:57:56.063974Z;7.5068448;28.0;28.0;14.0;DC Pride Common Harley Quinn™;12.0;272.99
4942;208950967;12111739455133800379985034678707322398;Superhuman Strength Epic Grid;ETH;0.02352;2022-06-17T04:20:42.6468Z;26.273956799999997;96.32;96.32;1.5;Line Art / Inks The Joker;1.5;266.6
2412;208550890;53799461415497576117764571646415155240;DC Pride Common Pied Piper™;ETH;0.0112;2022-06-15T15:13:19.458859Z;12.511408;33.6;33.6;13.0;DC Pride Common Pied Piper™;12.0;168.55
2411;209805466;63083800997457639216023643370738675941;DC Pride Common Pied Piper™;ETH;0.0112;2022-06-20T17:22:38.632856Z;12.511408;33.6;33.6;13.0;Page 2 of Batman #1 (1940) Panel 9;13.0;168.55
2504;209797190;59540859374463328045025881992793260138;Iconic Symbols Wonder Woman;ETH;0.000392;2022-06-20T16:39:05.968056Z;0.43789927999999995;1.12;1.12;1.0;Iconic Symbols The Flash;1.0;155.77
1139;209933887;205330073884819350190563530350769292047;DC Pride Uncommon Harley Quinn™;ETH;0.00672;2022-06-21T06:58:15.248111Z;7.5068448;19.04;19.04;11.5;The Batman From Gotham City Selina Kyle / Catwoman;11.5;153.64
776;209996704;170377817841202785078626454450495043717;Team-Ups Teen Titans;ETH;0.001008;2022-06-21T13:43:04.127299Z;1.1260267199999998;2.8;2.8;3.5;Team-Ups Teen Titans;1.5;148.66
5852;207216576;130524081757758657758993181775930071404;Superhuman Strength Uncommon Swamp Thing;ETH;0.00336;2022-06-09T22:06:12.673488Z;3.7534224;8.96;8.96;1.5;Superhuman Strength Uncommon Black Adam;1.5;138.72
3813;208543485;9217273709283758948283780311816042996;Batman Universe Common Solomon Grundy;ETH;0.00886144;2022-06-15T14:25:59.224394Z;9.8990260096;22.4;22.4;3.0;Batman Universe Common Solomon Grundy;2.0;126.28
163;210092507;253035610447626881085365973637980314356;DC Pride Uncommon Superman™ / Jon Kent & Jay Nakamura;ETH;0.111;2022-06-21T20:05:36.958296Z;123.99699;280.0;280.0;14.0;DC Pride Common Batwoman™;14.0;125.81
1104;208951484;73265769698509688304258055160608905039;DC Pride Common Aqualad™;ETH;0.0112;2022-06-17T04:23:21.160771Z;12.511408;28.0;28.0;16.5;DC Pride Common Aqualad™;14.5;123.8
168;209805013;130147861704532911783041742130039541247;DC Pride Common Harley Quinn™;ETH;0.0112;2022-06-20T17:20:47.87894Z;12.511408;28.0;28.0;14.0;DC Pride Common Harley Quinn™;11.0;123.8
5688;208383989;9484459380823932485858804983631818778;Super-Villains Lex Luthor;ETH;0.000896;2022-06-14T21:37:19.200773Z;1.00091264;2.24;2.24;2.5;Batman Universe Common Mr. Freeze;2.5;123.8
5689;208383903;135096944421462038570957264868103330363;Super-Villains Lex Luthor;ETH;0.000896;2022-06-14T21:37:02.642569Z;1.00091264;2.24;2.24;2.5;Super-Villains Lex Luthor;1.5;123.8
169;209403636;86996326164072274519562393039545448192;DC Pride Common Harley Quinn™;ETH;0.0112;2022-06-19T00:30:23.379607Z;12.511408;28.0;28.0;14.0;DC Pride Common Harley Quinn™;10.0;123.8
959;209805187;258975976088152564189382613995171812789;DC Pride Common Thunder™;ETH;0.0224;2022-06-20T17:21:38.22988Z;25.022816;49.28;49.28;18.5;DC Pride Common Thunder™;17.5;96.94
958;209988478;60432667572976618818653845564279666727;DC Pride Common Thunder™;ETH;0.0224;2022-06-21T12:52:04.967013Z;25.022816;49.28;49.28;18.5;The Batman Stills Bruce Wayne;18.5;96.94
156;208356449;163516739659303122882137948366447339865;DC Pride Superior Robin™ #14 (2022);ETH;0.0896;2022-06-14T19:43:38.551033Z;100.091264;196.0;196.0;9.0;DC Pride Superior Robin™ #14 (2022);4.0;95.82
5910;201391705;79975207906255655651829849842486889941;Batman Universe Superior Two-Face;ETH;0.04256;2022-05-21T02:38:26.53523Z;47.543350399999994;89.6;89.6;1.0;Batman Universe Uncommon Killer Croc;1.0;88.46
4758;206927991;19143110260939715993858251079749453470;Comics The Brave and the Bold #28 (1959);ETH;0.001064;2022-06-08T19:05:50.911235Z;1.18858376;2.24;2.24;10.0;Comics The Brave and the Bold #28 (1959);4.0;88.46
2594;209796322;53100581900633542222248163012037586272;Iconic Symbols Superman;ETH;0.0005376;2022-06-20T16:34:37.330777Z;0.6005475839999999;1.12;1.12;2.5;Iconic Symbols Superman;1.5;86.5
2593;209796363;167370832395812439805588350476211100867;Iconic Symbols Superman;ETH;0.0005376;2022-06-20T16:34:52.960845Z;0.6005475839999999;1.12;1.12;2.5;Iconic Symbols Cyborg;2.5;86.5
4532;209072622;126597038439539233644079048014246664981;Comics The Man of Steel #1 (1986);ETH;0.0005432;2022-06-17T15:19:00.99094Z;0.6068032879999999;1.12;1.12;2.0;Comics The Man of Steel #1 (1986);1.0;84.57
392;209992000;87792224761846498256390659431255323312;Team-Ups Batman & Catwoman;ETH;0.001904;2022-06-21T13:14:51.970544Z;2.12693936;3.92;3.92;3.5;Team-Ups Batman & Catwoman;1.5;84.3
5460;208188472;328829121234458607284795074998562263749;Superhuman Strength Common Steppenwolf;ETH;0.0016576;2022-06-14T00:49:58.11962Z;1.8516883839999998;3.36;3.36;3.5;Superhuman Strength Common Steppenwolf;2.5;81.46
4761;203946933;317950427896274086505104481143879060740;Comics The Brave and the Bold #28 (1959);ETH;0.0011088;2022-05-30T11:54:22.797646Z;1.238629392;2.24;2.24;10.0;Comics The Brave and the Bold #28 (1959);1.0;80.85
5461;208188411;291201782364956661995431663751650682558;Superhuman Strength Common Steppenwolf;ETH;0.0016688;2022-06-14T00:49:27.598966Z;1.864199792;3.36;3.36;3.5;Superhuman Strength Common Steppenwolf;1.5;80.24
464;209804724;28490807305446207274904489988384778802;Superhuman Strength Superior Starfire;ETH;0.00448;2022-06-20T17:19:24.192139Z;5.004563199999999;8.96;8.96;2.5;Superhuman Strength Superior Starfire;1.5;79.04
5168;208789872;169422720167350634851409564860521406256;Super Heroes Superman;ETH;0.00087136;2022-06-16T13:56:23.85635Z;0.9733875423999999;1.68;1.68;3.0;Super Heroes Superman;2.0;72.59
5169;208789823;164991778455951333584589539042291327653;Super Heroes Superman;ETH;0.00087136;2022-06-16T13:56:09.942305Z;0.9733875423999999;1.68;1.68;3.0;Super Heroes Superman;1.0;72.59
5167;208789929;109754189043005744284620316271572609074;Super Heroes Superman;ETH;0.00087136;2022-06-16T13:56:38.708644Z;0.9733875423999999;1.68;1.68;3.0;Locations Oa;3.0;72.59
5668;204896825;31444696573685500512158124040739177579;Batman Universe Common Mr. Freeze;ETH;0.00896;2022-06-02T05:32:09.043419Z;10.009126399999998;16.8;16.8;2.0;Batman Universe Common Mr. Freeze;1.0;67.85
153;210092482;47709812583387127837500651488953469923;DC Pride Superior Robin™ #14 (2022);ETH;0.111;2022-06-21T20:05:29.992714Z;123.99699;196.0;196.0;9.0;DC Pride Superior Robin™ #14 (2022);7.0;58.07
155;208357510;178170283180678757742463863019568357967;DC Pride Superior Robin™ #14 (2022);ETH;0.112;2022-06-14T19:47:41.797047Z;125.11407999999999;196.0;196.0;9.0;DC Pride Superior Robin™ #14 (2022);5.0;56.66
5127;208797100;304434367084329890153375413471339205535;Locations Oa;ETH;0.000336;2022-06-16T14:30:21.15198Z;0.37534223999999994;0.56;0.56;1.5;Locations Krypton as seen in The Man of Steel #2 (2018);1.5;49.2
1040;208354639;197457499005022382613567344577470658376;DC Pride Uncommon Poison Ivy™ & Harley Quinn™;ETH;0.1008;2022-06-14T19:36:52.614929Z;112.602672;168.0;168.0;12.0;DC Pride Uncommon Poison Ivy™ & Harley Quinn™;11.0;49.2
5034;208867678;107196588465646498781578235527077633173;Locations Gotham City;ETH;0.000336;2022-06-16T19:41:31.48395Z;0.37534223999999994;0.56;0.56;1.5;Super Heroes The Flash;1.5;49.2
4684;208801431;52401324368497065694664037130887572218;Super Heroes Wonder Woman;ETH;0.000672;2022-06-16T14:55:32.905661Z;0.7506844799999999;1.12;1.12;5.5;Super Heroes Wonder Woman;4.5;49.2
0;210095616;287070756637353608021563086640953962696;Batman Universe Uncommon Azrael;ETH;0.0168;2022-06-21T20:20:49.617303Z;18.767111999999997;27.75;27.75;1.5;0;1.5;47.87
4599;209055825;317609484124366112660155253360222712557;Superhuman Strength Epic Vixen;ETH;0.03136;2022-06-17T13:57:10.721594Z;35.0319424;50.4;50.4;1.0;Superhuman Strength Superior Power Girl;1.0;43.87
5480;208727028;282959785102120683557729259480727591200;Superhuman Strength Common Mon-El;ETH;0.0028;2022-06-16T07:26:55.495507Z;3.127852;4.48;4.48;2.5;Superhuman Strength Common Steppenwolf;2.5;43.23
5568;208491392;168616898313207163866837920619221166024;Batman Universe Uncommon Red Hood;ETH;0.02128;2022-06-15T09:08:44.118699Z;23.771675199999997;33.6;33.6;1.5;Batman Universe Epic Robin;1.5;41.34
4108;209211091;146412095408860196674413629542677129233;"Iconic Quotes ""Earth’s Mightiest Mortal"" - Shazam!";ETH;0.0006272;2022-06-18T04:29:55.584452Z;0.7006388479999999;0.9856;0.9856;1.5;Batman Universe Common Talia al Ghul;1.5;40.67
609;210032092;168029828717922273488219809412374151370;Head To Head Superman vs. Lex Luthor;ETH;0.00112;2022-06-21T16:38:50.403734Z;1.2511407999999997;1.68;1.68;2.5;Legends Aquaman;2.5;34.28
2123;209785142;152560303241271079906611231994555027143;Civilians Iris West as seen in The Flash #8 (2012);ETH;0.00224;2022-06-20T15:31:41.997065Z;2.5022815999999994;3.36;3.36;2.5;Civilians Iris West as seen in The Flash #8 (2012);1.5;34.28
4759;206925975;92709569873422437731224342518158073753;Comics The Brave and the Bold #28 (1959);ETH;0.001568;2022-06-08T18:55:43.984901Z;1.7515971199999998;2.24;2.24;10.0;Comics The Brave and the Bold #28 (1959);3.0;27.88
556;209989599;92394353830650041098049913457854278592;Line Art / Inks The Flash;ETH;0.000784;2022-06-21T12:59:33.005731Z;0.8757985599999999;1.12;1.12;2.0;Line Art / Inks The Flash;1.0;27.88
2361;209362818;220148925555921832216737358959819152740;Page 2 of Batman #1 (1940) Panel 9;ETH;0.00336;2022-06-18T20:33:51.401987Z;3.7534224;4.48;4.48;5.0;Page 2 of Batman #1 (1940) Panel 9;2.0;19.36
5831;207660253;246745267254001274452839402551612576188;Superhuman Strength Uncommon Black Adam;ETH;0.00504;2022-06-11T16:26:26.941402Z;5.6301336;6.72;6.72;3.5;Superhuman Strength Uncommon Eclipso;3.5;19.36
5496;205543172;330443906933034651241384220977289788210;Superhuman Strength Common Orion;ETH;0.002128;2022-06-04T06:30:08.920482Z;2.37716752;2.8;2.8;2.0;Superhuman Strength Common Orion;1.0;17.79
5879;205706422;69396788264038657767703580476032771218;Batman Universe Uncommon Deathstroke;ETH;0.02352;2022-06-04T17:14:17.819314Z;26.273956799999997;30.24;30.24;1.5;Batman Universe Common Oracle;1.5;15.09
3450;209779157;299591923937240035880396752598727155327;Vivid Moments White Lantern Transformation - Blackest Night #8 (2010);ETH;0.0007784;2022-06-20T14:55:05.17599Z;0.8695428559999999;0.9856;0.9856;1.5;Legends Batman;1.5;13.35
4492;209095373;279765280901219090136743960657079263985;Vivid Moments Mera & Aquaman Embrace  - Aquaman #48 (2016);ETH;0.000784;2022-06-17T17:06:12.238467Z;0.8757985599999999;0.9856;0.9856;1.5;Objects Mother Box as seen in Justice League #41 (2015);1.5;12.54
3478;209628678;265196436438718522858134421850287397685;Comics Detective Comics #38 (1940);ETH;0.000896;2022-06-19T22:49:09.639288Z;1.00091264;1.12;1.12;14.0;Comics Detective Comics #38 (1940);13.0;11.9
3477;209629009;12417552705525722204413794583396699391;Comics Detective Comics #38 (1940);ETH;0.000896;2022-06-19T22:50:23.652864Z;1.00091264;1.12;1.12;14.0;DC Pride Superior Batwoman™;14.0;11.9
1103;209805661;190092382042933972777948870875365268366;DC Pride Common Aqualad™;ETH;0.0224;2022-06-20T17:23:41.273014Z;25.022816;28.0;28.0;16.5;DC Pride Common Aqualad™;15.5;11.9
4854;209003202;25922084341351354537533687431765727170;Super Heroes Batman;ETH;0.000896;2022-06-17T09:06:22.850336Z;1.00091264;1.12;1.12;5.0;Sketch Art / Pencils Batman;5.0;11.9
3937;209366681;204240781316515530020529208932870778548;Superhuman Strength Uncommon Darkseid;ETH;0.00448;2022-06-18T20:55:37.702413Z;5.004563199999999;5.6;5.6;1.0;Line Art / Inks Detective Comics #1000 (2019) Variant Cover;1.0;11.9
1105;208551003;151721830034353962109426185789202147348;DC Pride Common Aqualad™;ETH;0.0224;2022-06-15T15:13:52.793788Z;25.022816;28.0;28.0;16.5;DC Pride Common Aqualad™;13.5;11.9
3522;209628173;301930417060182951162486898720930203215;Comics Wonder Woman #1 (1986);ETH;0.000896;2022-06-19T22:47:34.209027Z;1.00091264;1.12;1.12;3.0;Comics Detective Comics #38 (1940);3.0;11.9
4093;209256980;53735136717447941227015319526379364627;Batman Universe Common Talia al Ghul;ETH;0.010079888;2022-06-18T10:02:16.516673Z;11.26014208592;12.32;12.32;2.0;Batman Universe Legendary Batman;2.0;9.41
374;210070243;116131350252380482794002346934883559105;DC Pride Uncommon John Constantine™;ETH;0.03696;2022-06-21T19:01:32.778303Z;41.2876464;44.8;44.8;11.0;Sketch Art / Pencils The Flash;11.0;8.51
5459;208727377;309396594320379670650770040207473036455;Superhuman Strength Common Steppenwolf;ETH;0.0028;2022-06-16T07:28:07.31848Z;3.127852;3.36;3.36;3.5;Locations Metropolis;3.5;7.42
4055;208355419;199081861472331599826068279061759424795;Superhuman Strength Superior Trigon;ETH;0.009408;2022-06-14T19:39:48.224994Z;10.50958272;11.2;11.2;2.5;Superhuman Strength Superior Trigon;1.5;6.57
151;210092541;150028726404372301199464011695498929180;DC Pride Superior Robin™ #14 (2022);ETH;0.1665;2022-06-21T20:05:44.621516Z;185.995485;196.0;196.0;9.0;The Batman Newspaper Clippings I am the shadows;9.0;5.38
1956;209847533;6842992525304636652620562884066594985;Comics Crisis on Infinite Earths #7 (1985);ETH;0.000952;2022-06-20T21:37:25.854708Z;1.06346968;1.12;1.12;3.0;Comics Crisis on Infinite Earths #7 (1985);2.0;5.32
1955;209847576;262521318869524870238750760833420549290;Comics Crisis on Infinite Earths #7 (1985);ETH;0.000952;2022-06-20T21:37:39.189176Z;1.06346968;1.12;1.12;3.0;Super Heroes Martian Manhunter;3.0;5.32
3626;208756992;212219248527939598088539828853349969252;The Batman A Cruel Riddle I Know What I Have To Become;ETH;0.00336;2022-06-16T11:18:35.026087Z;3.7534224;3.92;3.92;3.5;The Batman A Cruel Riddle I Know What I Have To Become;2.5;4.44
4683;209026089;122837984357957222947670322733541073478;Super Heroes Wonder Woman;ETH;0.0009968;2022-06-17T11:28:38.493283Z;1.1135153119999999;1.12;1.12;5.5;Super Heroes Cyborg;5.5;0.58
4010;209164313;254680259845639465847767915564492284754;Head To Head Reverse-Flash VS. The Flash;ETH;0.001008;2022-06-17T23:30:04.789762Z;1.1260267199999998;1.12;1.12;3.5;Head To Head Reverse-Flash VS. The Flash;1.5;-0.54
831;209995715;272832770032059473222442310198279894856;Team-Ups Batman & Robin;ETH;0.001008;2022-06-21T13:37:15.175094Z;1.1260267199999998;1.12;1.12;2.5;Team-Ups Justice League;2.5;-0.54
4611;209031003;89445610740013799783957148278402711272;Comics Green Lantern #49 (1994);ETH;0.001008;2022-06-17T11:57:46.485332Z;1.1260267199999998;1.12;1.12;2.0;Superhuman Strength Epic Vixen;2.0;-0.54
4612;209030971;19372328312882199739696934042971242952;Comics Green Lantern #49 (1994);ETH;0.001008;2022-06-17T11:57:29.812473Z;1.1260267199999998;1.12;1.12;2.0;Comics Green Lantern #49 (1994);1.0;-0.54
4855;208799373;182611936053788726902477930883583759834;Super Heroes Batman;ETH;0.001008;2022-06-16T14:42:23.596986Z;1.1260267199999998;1.12;1.12;5.0;Super Heroes Batman;4.0;-0.54
4308;209162905;149471057341374975845664405439313440417;Head To Head Batman VS The Joker;ETH;0.001008;2022-06-17T23:20:45.17939Z;1.1260267199999998;1.12;1.12;4.0;Head To Head Batman VS The Joker;3.0;-0.54
4755;208380979;282499737139180110630671101345544851711;Comics The Brave and the Bold #28 (1959);ETH;0.002016;2022-06-14T21:24:01.700097Z;2.2520534399999996;2.24;2.24;10.0;Comics The Brave and the Bold #28 (1959);7.0;-0.54
3479;209627794;280769322930123365290239863711790233506;Comics Detective Comics #38 (1940);ETH;0.001008;2022-06-19T22:46:26.33542Z;1.1260267199999998;1.12;1.12;14.0;Comics Detective Comics #38 (1940);12.0;-0.54
4009;209164566;67319068531922958173850639061460922261;Head To Head Reverse-Flash VS. The Flash;ETH;0.001008;2022-06-17T23:31:56.623486Z;1.1260267199999998;1.12;1.12;3.5;Head To Head Reverse-Flash VS. The Flash;2.5;-0.54
961;208551146;75869906794251734736118637661774325348;DC Pride Common Thunder™;ETH;0.0448;2022-06-15T15:14:49.170111Z;50.045632;49.28;49.28;18.5;DC Pride Common Thunder™;15.5;-1.53
1886;209871026;327760962748270279543700037681129654563;The Batman Movie Poster: The Riddler The Riddler;ETH;0.003136;2022-06-21T00:05:49.199325Z;3.5031942399999996;3.36;3.36;2.5;The Batman Movie Poster: The Riddler The Riddler;1.5;-4.09
3524;208791052;188205211468223570947768124060171522060;Comics Wonder Woman #1 (1986);ETH;0.001064;2022-06-16T14:02:07.198133Z;1.18858376;1.12;1.12;3.0;Comics Wonder Woman #1 (1986);1.0;-5.77
4754;208381373;235616779991112339057660619952977318023;Comics The Brave and the Bold #28 (1959);ETH;0.002128;2022-06-14T21:25:35.33593Z;2.37716752;2.24;2.24;10.0;Comics The Brave and the Bold #28 (1959);8.0;-5.77
4270;209181940;55107021051137244122585017650050033034;The Batman A Cruel Riddle Unmask the truth;ETH;0.00224;2022-06-18T01:22:41.659797Z;2.5022815999999994;2.352;2.352;3.5;Team-Ups Green Lantern Corps;3.5;-6.01
4271;209180518;124683403785931474121229868359814573861;The Batman A Cruel Riddle Unmask the truth;ETH;0.00224;2022-06-18T01:14:53.745718Z;2.5022815999999994;2.352;2.352;3.5;The Batman A Cruel Riddle Unmask the truth;2.5;-6.01
4272;209159434;334361174263188974360278951563680997558;The Batman A Cruel Riddle Unmask the truth;ETH;0.00224;2022-06-17T23:00:36.603087Z;2.5022815999999994;2.352;2.352;3.5;The Batman A Cruel Riddle Unmask the truth;1.5;-6.01
4141;209210818;22114863686646862034775041450634704961;Civilians David Singh as seen in The Flash #33 (2014);ETH;0.0007504;2022-06-18T04:28:20.040717Z;0.8382643359999999;0.784;0.784;1.0;"Iconic Quotes ""Earth’s Mightiest Mortal"" - Shazam!";1.0;-6.47
3627;207348956;53698305290103499970850245627734429385;The Batman A Cruel Riddle I Know What I Have To Become;ETH;0.003864;2022-06-10T11:46:39.936221Z;4.316435759999999;3.92;3.92;3.5;The Batman A Cruel Riddle I Know What I Have To Become;1.5;-9.18
694;210003387;232121232935142617124625458006864960594;Head To Head Aquaman VS Black Manta;ETH;0.00111888;2022-06-21T14:23:39.739792Z;1.2498896592;1.12;1.12;5.0;Head To Head Aquaman VS Black Manta;3.0;-10.39
4239;209182093;166906062255387616642588265085630083863;Team-Ups Green Lantern Corps;ETH;0.00112;2022-06-18T01:23:27.495473Z;1.2511407999999997;1.12;1.12;3.5;Civilians Stephen Shin as seen in Aquaman #15 (2012);3.5;-10.48
3915;209366738;38216380313657000809550553731353786347;Line Art / Inks Detective Comics #1000 (2019) Variant Cover;ETH;0.00224;2022-06-18T20:56:10.524508Z;2.5022815999999994;2.24;2.24;1.5;Page 2 of Batman #1 (1940) Panel 4;1.5;-10.48
375;208551074;127368891851421667125907068151750304584;DC Pride Uncommon John Constantine™;ETH;0.0448;2022-06-15T15:14:22.338349Z;50.045632;44.8;44.8;11.0;DC Pride Uncommon John Constantine™;10.0;-10.48
4309;209159165;330828825980554771590331510354595254109;Head To Head Batman VS The Joker;ETH;0.00112;2022-06-17T22:58:52.223524Z;1.2511407999999997;1.12;1.12;4.0;Head To Head Batman VS The Joker;2.0;-10.48
4435;209110607;258652843714800569078953385806048506643;Superhuman Strength Common Mera;ETH;0.00336;2022-06-17T18:29:36.539217Z;3.7534224;3.36;3.36;1.0;Batman Universe Superior Bane;1.0;-10.48
4685;208751348;237848667915656354189705270718974599101;Super Heroes Wonder Woman;ETH;0.00112;2022-06-16T10:44:20.495728Z;1.2511407999999997;1.12;1.12;5.5;Super Heroes Wonder Woman;3.5;-10.48
3559;209571506;187003022663245687666473693554028363195;Sketch Art / Pencils Superman;ETH;0.00112;2022-06-19T17:45:38.496476Z;1.2511407999999997;1.12;1.12;1.0;Comics Wonder Woman #1 (1986);1.0;-10.48
713;208155417;154277950760647547666589233872273486595;Legends Lex Luthor;ETH;0.0056;2022-06-13T20:26:28.080123Z;6.255704;5.6;5.6;2.0;Legends Lex Luthor;1.0;-10.48
1536;209877226;144690964070670392143197796434513415673;The Batman From Gotham City Cape and Cowl;ETH;0.0009856;2022-06-21T00:44:01.981421Z;1.1010039040000001;0.9856;0.9856;1.0;The Batman From Gotham City The Call;1.0;-10.48
1599;209874764;281747311822069398485225227651823416795;The Batman From Gotham City To The Batman;ETH;0.0009856;2022-06-21T00:28:16.953158Z;1.1010039040000001;0.9856;0.9856;1.5;The Batman From Gotham City The Batman;1.5;-10.48
3480;209627242;332418902475880859287580962594585355520;Comics Detective Comics #38 (1940);ETH;0.00112;2022-06-19T22:43:49.720716Z;1.2511407999999997;1.12;1.12;14.0;Comics Detective Comics #38 (1940);11.0;-10.48
5495;208726925;254158965313813896502647154075100865376;Superhuman Strength Common Orion;ETH;0.0028;2022-06-16T07:26:16.968891Z;3.127852;2.8;2.8;2.0;Superhuman Strength Common Mon-El;2.0;-10.48
2901;209525616;184126805005618391438681949457273514241;Comics Harley Quinn #16 (2002);ETH;0.00112;2022-06-19T13:24:58.223096Z;1.2511407999999997;1.12;1.12;2.0;Comics Harley Quinn #16 (2002);1.0;-10.48
5868;203069437;321941816658979641292273686393886608602;Batman Universe Common Oracle;ETH;0.0336;2022-05-27T17:13:58.919001Z;37.534223999999995;33.6;33.6;2.0;Batman Universe Common Oracle;1.0;-10.48
696;210003077;313070801693781085078253791129445183463;Head To Head Aquaman VS Black Manta;ETH;0.00112;2022-06-21T14:22:05.372412Z;1.2511407999999997;1.12;1.12;5.0;Head To Head Aquaman VS Black Manta;1.0;-10.48
799;209996178;163912783821693318115086401195782600179;Team-Ups Justice League;ETH;0.001008;2022-06-21T13:39:57.375079Z;1.1260267199999998;0.9968;0.9968;3.5;Team-Ups Teen Titans;3.5;-11.48
3599;209525293;158332027735829348369332156937656772452;Super-Villains Poison Ivy;ETH;0.001008;2022-06-19T13:23:27.60968Z;1.1260267199999998;0.9856;0.9856;2.0;Superhuman Strength Superior Lobo;2.0;-12.47
967;209987739;168055988120382403568179127571325107857;Team-Ups Crime Syndicate of America;ETH;0.001008;2022-06-21T12:47:40.305894Z;1.1260267199999998;0.9856;0.9856;3.0;DC Pride Epic Nubia™;3.0;-12.47
969;209987643;260017567932357878031010035248637147098;Team-Ups Crime Syndicate of America;ETH;0.001008;2022-06-21T12:47:04.816215Z;1.1260267199999998;0.9856;0.9856;3.0;Team-Ups Crime Syndicate of America;1.0;-12.47
968;209987693;254208736690513487815363591057099938987;Team-Ups Crime Syndicate of America;ETH;0.001008;2022-06-21T12:47:25.367457Z;1.1260267199999998;0.9856;0.9856;3.0;Team-Ups Crime Syndicate of America;2.0;-12.47
448;208367261;288145933845268358259513425597600300384;Superhuman Strength Epic Big Barda;ETH;0.02352;2022-06-14T20:24:54.916783Z;26.273956799999997;22.4;22.4;3.0;Superhuman Strength Epic Big Barda;1.0;-14.74
164;209631236;66357099851379234304732288007216712276;DC Pride Uncommon Superman™ / Jon Kent & Jay Nakamura;ETH;0.29568;2022-06-19T22:59:30.005191Z;330.3011712;280.0;280.0;14.0;DC Pride Uncommon Superman™ / Jon Kent & Jay Nakamura;13.0;-15.23
960;209787251;237409460219498338339833457591316651213;DC Pride Common Thunder™;ETH;0.052192;2022-06-20T15:44:40.280029Z;58.30316128;49.28;49.28;18.5;DC Pride Common Thunder™;16.5;-15.48
5790;208103902;196603030683024923210381412220105196602;Superhuman Strength Superior Donna Troy;ETH;0.00896;2022-06-13T14:59:26.084723Z;10.009126399999998;8.4;8.4;1.5;Mythic The Originals Batman;1.5;-16.08
584;210032429;238726189095585464990353368419746800054;Legends Aquaman;ETH;0.00616;2022-06-21T16:40:07.08982Z;6.881274399999999;5.6;5.6;2.5;Line Art / Inks The Flash;2.5;-18.62
868;209991142;73185096173637011673273763083122495170;Multiverse Batman of Earth -32;ETH;0.0009968;2022-06-21T13:09:03.436041Z;1.1135153119999999;0.896;0.896;2.5;DC Pride Legendary Bunker™, Red Robin™ & The Teen Titans™;2.5;-19.53
869;209991076;309197305971004321710580737990217354335;Multiverse Batman of Earth -32;ETH;0.0009968;2022-06-21T13:08:44.283542Z;1.1135153119999999;0.896;0.896;2.5;Multiverse Batman of Earth -32;1.5;-19.53
800;209181428;116772336372762997851769229313420528347;Team-Ups Justice League;ETH;0.00112;2022-06-18T01:20:00.429778Z;1.2511407999999997;0.9968;0.9968;3.5;Team-Ups Justice League;2.5;-20.33
3075;209163742;64606423210062090929931281117966598627;Head To Head The Cheetah VS. Wonder Woman;ETH;0.001008;2022-06-17T23:26:03.816815Z;1.1260267199999998;0.896;0.896;3.5;Head To Head The Cheetah VS. Wonder Woman;1.5;-20.43
152;210092487;200378985867854402171366706908114176239;DC Pride Superior Robin™ #14 (2022);ETH;0.222;2022-06-21T20:05:31.621162Z;247.99398;196.0;196.0;9.0;DC Pride Superior Robin™ #14 (2022);8.0;-20.97
4094;205589645;138595380732746396722781347285313218285;Batman Universe Common Talia al Ghul;ETH;0.0139776;2022-06-04T10:07:12.916639Z;15.614237183999998;12.32;12.32;2.0;Batman Universe Common Talia al Ghul;1.0;-21.1
13;210094801;74247483139299382618994167807175610672;Page 2 of Batman #1 (1940) Panel 7;ETH;0.00112;2022-06-21T20:16:52.566385Z;1.2511407999999997;0.9856;0.9856;2.5;Batman Universe Uncommon Azrael;2.5;-21.22
3102;209784751;59946387821148849922419242457236968945;Alter Ego Batman;ETH;0.00112;2022-06-20T15:29:31.097329Z;1.2511407999999997;0.9856;0.9856;1.0;Head To Head The Cheetah VS. Wonder Woman;1.0;-21.22
962;208415390;315306850252159730116935518506555827844;DC Pride Common Thunder™;ETH;0.056;2022-06-15T01:19:11.821954Z;62.55703999999999;49.28;49.28;18.5;DC Pride Common Thunder™;14.5;-21.22
3600;208753370;221044933562020354459389853022700492398;Super-Villains Poison Ivy;ETH;0.00112;2022-06-16T10:56:51.238057Z;1.2511407999999997;0.9856;0.9856;2.0;Super-Villains Poison Ivy;1.0;-21.22
3588;205553712;269700591443200275577715418795000722033;Superhuman Strength Superior Lobo;ETH;0.0084;2022-06-04T07:17:36.033947Z;9.383555999999999;7.28;7.28;4.0;Superhuman Strength Superior Lobo;2.0;-22.42
964;209988381;156293123913573846267075151173852675636;DC Pride Epic Nubia™;ETH;0.0392;2022-06-21T12:51:33.167969Z;43.789927999999996;33.6;33.6;3.5;DC Pride Common Thunder™;3.5;-23.27
5833;207450477;296629701356030837987301875116763835112;Superhuman Strength Uncommon Black Adam;ETH;0.00784;2022-06-10T21:02:52.76949Z;8.7579856;6.72;6.72;3.5;Superhuman Strength Uncommon Black Adam;1.5;-23.27
255;208481932;5167438524117110453930472356831867145;Comics Action Comics #1 (1938);ETH;0.006640368;2022-06-15T08:16:13.585729Z;7.417888689119999;5.6;5.6;13.5;Comics Action Comics #1 (1938);10.5;-24.51
4687;207525895;276906562839213782489703670960942648959;Super Heroes Wonder Woman;ETH;0.001344;2022-06-11T03:47:47.101136Z;1.5013689599999998;1.12;1.12;5.5;Super Heroes Wonder Woman;1.5;-25.4
1106;208547553;315975263155904596686083039646672332947;DC Pride Common Aqualad™;ETH;0.0336;2022-06-15T14:50:22.957605Z;37.534223999999995;28.0;28.0;16.5;DC Pride Common Aqualad™;12.5;-25.4
254;210029088;104697415123447904215270484210444665419;Comics Action Comics #1 (1938);ETH;0.00672;2022-06-21T16:29:15.464798Z;7.5068448;5.6;5.6;13.5;Comics Action Comics #1 (1938);11.5;-25.4
256;207527853;107565737786578374193537234569054044167;Comics Action Comics #1 (1938);ETH;0.00672;2022-06-11T04:00:44.000122Z;7.5068448;5.6;5.6;13.5;Comics Action Comics #1 (1938);9.5;-25.4
737;210028345;201458452152148799906051834656624090424;Legends The Joker;ETH;0.01232;2022-06-21T16:26:40.639308Z;13.762548799999998;10.08;10.08;2.5;Legends Lex Luthor;2.5;-26.76
1140;208932955;84100727978020154987339793838645339351;DC Pride Uncommon Harley Quinn™;ETH;0.02352;2022-06-17T02:18:30.048744Z;26.273956799999997;19.04;19.04;11.5;DC Pride Uncommon Harley Quinn™;10.5;-27.53
133;210092547;158635046672443927758284010016308161944;The Batman Newspaper Clippings I am the shadows;ETH;0.1665;2022-06-21T20:05:47.38772Z;185.995485;134.4;134.4;1.5;The Batman Case Files Vengeance;1.5;-27.74
2180;209806753;215689194580738312960980643406295976770;Objects Batmobile;ETH;0.00112;2022-06-20T17:30:18.784644Z;1.2511407999999997;0.896;0.896;1.0;Page 2 of Batman #1 (1940) Panel 5;1.0;-28.39
2359;209367592;27191299381078477821434384447471213554;Page 2 of Batman #1 (1940) Panel 9;ETH;0.0056;2022-06-18T21:02:15.076845Z;6.255704;4.48;4.48;5.0;Page 2 of Batman #1 (1940) Panel 9;4.0;-28.39
4028;208726835;64956695586070435032303377714064925992;Superhuman Strength Common Atomica;ETH;0.0028;2022-06-16T07:25:40.072133Z;3.127852;2.24;2.24;2.0;Superhuman Strength Common Atomica;1.0;-28.39
2541;209797133;301679374197144800176497336325662024633;Batman Universe Common Birds of Prey;ETH;0.028;2022-06-20T16:38:52.325696Z;31.278519999999997;22.4;22.4;1.0;Iconic Symbols Wonder Woman;1.0;-28.39
3638;208757235;50998152411116837546043845533947622864;Legends Harley Quinn;ETH;0.0112;2022-06-16T11:20:12.843151Z;12.511408;8.96;8.96;2.5;Legends Harley Quinn;1.5;-28.39
5481;205440933;130533051501547860896652483146026358132;Superhuman Strength Common Mon-El;ETH;0.0056;2022-06-03T22:14:10.277763Z;6.255704;4.48;4.48;2.5;Superhuman Strength Common Mon-El;1.5;-28.39
3814;199957640;250205843560641278084034344600516606400;Batman Universe Common Solomon Grundy;ETH;0.028;2022-05-15T03:48:44.926683Z;31.278519999999997;22.4;22.4;3.0;Batman Universe Common Solomon Grundy;1.0;-28.39
1466;209872235;257537443206427483612386583083195113878;The Batman Case Files Hero;ETH;0.0009856;2022-06-21T00:11:49.942625Z;1.1010039040000001;0.784;0.784;2.0;The Batman Case Files Hero;1.0;-28.79
1465;209878987;35483615070592159082651998345832905658;The Batman Case Files Hero;ETH;0.0009856;2022-06-21T00:58:25.067413Z;1.1010039040000001;0.784;0.784;2.0;The Batman Case Files Vigilante;2.0;-28.79
5276;208750408;115537289355355432011931695249856816776;Super-Villains Catwoman;ETH;0.00112;2022-06-16T10:38:13.572073Z;1.2511407999999997;0.8848;0.8848;2.0;Page 2 of Batman #1 (1940) Panel 6;2.0;-29.28
2900;209787649;250097598116653353623889544323714185600;Comics Harley Quinn #16 (2002);ETH;0.001456;2022-06-20T15:47:09.514733Z;1.6264830399999999;1.12;1.12;2.0;Super Heroes Supergirl;2.0;-31.14
1043;209950043;185165587799453375037794321217247015115;DC Pride Common Green Lantern™;ETH;0.04368;2022-06-21T09:02:30.259029Z;48.794491199999996;33.6;33.6;14.0;DC Pride Common Green Lantern™;12.0;-31.14
3485;207207093;230347943951842119864118752679892557144;Comics Detective Comics #38 (1940);ETH;0.001456;2022-06-09T21:05:32.187092Z;1.6264830399999999;1.12;1.12;14.0;Comics Detective Comics #38 (1940);6.0;-31.14
3664;209377912;4567295876174898803729870747520717397;Batman Universe Uncommon Scarecrow;ETH;0.0616;2022-06-18T21:59:41.350054Z;68.812744;47.04;47.04;1.0;Legends Harley Quinn;1.0;-31.64
1079;209164118;59318380922288308785286863979796766789;Head To Head Sinestro vs. Green Lantern;ETH;0.001008;2022-06-17T23:28:42.332235Z;1.1260267199999998;0.7616;0.7616;3.0;Head To Head Sinestro vs. Green Lantern;2.0;-32.36
1080;209163928;160658863439032717625508496381517813932;Head To Head Sinestro vs. Green Lantern;ETH;0.001008;2022-06-17T23:27:33.7119Z;1.1260267199999998;0.7616;0.7616;3.0;Head To Head Sinestro vs. Green Lantern;1.0;-32.36
1042;209950108;245256246897099428166746380939344338598;DC Pride Common Green Lantern™;ETH;0.0448;2022-06-21T09:02:53.638633Z;50.045632;33.6;33.6;14.0;DC Pride Common Green Lantern™;13.0;-32.86
610;210002212;72625150486129308851643083497570397000;Head To Head Superman vs. Lex Luthor;ETH;0.00224;2022-06-21T14:16:02.363351Z;2.5022815999999994;1.68;1.68;2.5;Head To Head Superman vs. Lex Luthor;1.5;-32.86
5251;208296581;286503870933217296133913303821010697030;Page 2 of Batman #1 (1940) Panel 6;ETH;0.001792;2022-06-14T13:39:54.084704Z;2.00182528;1.344;1.344;3.0;Page 2 of Batman #1 (1940) Panel 6;1.0;-32.86
5768;208326775;259539995919965420296284812423152487588;Batman Universe Uncommon King Shark;ETH;0.018816;2022-06-14T16:59:03.663262Z;21.01916544;13.44;13.44;1.5;DC Pride Common Poison Ivy™ & Harley Quinn™;1.5;-36.06
5340;208750027;191948405661381107935143998592567198509;Super-Villains Black Adam;ETH;0.001568;2022-06-16T10:36:00.764821Z;1.7515971199999998;1.12;1.12;1.5;Super-Villains Black Manta;1.5;-36.06
3210;209783823;220574330518932145267451741912035875663;Alter Ego Superman;ETH;0.001568;2022-06-20T15:23:27.886328Z;1.7515971199999998;1.12;1.12;1.5;Objects Lasso of Truth;1.5;-36.06
1041;209950180;46057274269270854951708743434580522140;DC Pride Common Green Lantern™;ETH;0.04704;2022-06-21T09:03:19.860004Z;52.547913599999994;33.6;33.6;14.0;DC Pride Uncommon Poison Ivy™ & Harley Quinn™;14.0;-36.06
253;210029384;326167577266102059532330940030823165647;Comics Action Comics #1 (1938);ETH;0.00784;2022-06-21T16:30:15.20149Z;8.7579856;5.6;5.6;13.5;Comics Action Comics #1 (1938);12.5;-36.06
1235;209879424;116873011499268883786492637988742340575;The Batman Newspaper Clippings Day of Judgement;ETH;0.001568;2022-06-21T01:01:41.433099Z;1.7515971199999998;1.12;1.12;1.5;The Batman Newspaper Clippings Emblem Of Vengeance;1.5;-36.06
3329;209783611;333996713490859508763307469557759394013;Alter Ego The Flash;ETH;0.00112;2022-06-20T15:22:05.109623Z;1.2511407999999997;0.7728;0.7728;1.0;Iconic Quotes In brightest day in blackest night no evil shall escape my sight;1.0;-38.23
1378;209879162;213276728466431190168972905373189746209;The Batman Case Files Shadows;ETH;0.0009744;2022-06-21T00:59:44.579673Z;1.088492496;0.672;0.672;1.0;The Batman Case Files Detective;1.0;-38.26
1885;209871126;55914108653520077080553810031934217515;The Batman Movie Poster: The Riddler The Riddler;ETH;0.005264;2022-06-21T00:06:25.651726Z;5.880361759999999;3.36;3.36;2.5;Superhuman Strength Uncommon Atrocitus;2.5;-42.86
3360;209783073;72627019228941397794971514411258166310;Locations The Batcave;ETH;0.000336;2022-06-20T15:18:57.092363Z;0.37534223999999994;0.2128;0.2128;1.5;Alter Ego The Flash;1.5;-43.31
2948;209525504;141880071715924947487613682855000674764;Super-Villains Harley Quinn;ETH;0.000896;2022-06-19T13:24:29.352598Z;1.00091264;0.56;0.56;3.0;Super-Villains Harley Quinn;1.0;-44.05
170;208584495;221273901889903933651310979455091220130;DC Pride Common Harley Quinn™;ETH;0.0448;2022-06-15T18:35:13.948153Z;50.045632;28.0;28.0;14.0;DC Pride Common Harley Quinn™;9.0;-44.05
3483;208380562;326061146069422651774147192276737424153;Comics Detective Comics #38 (1940);ETH;0.001792;2022-06-14T21:22:00.147442Z;2.00182528;1.12;1.12;14.0;Comics Detective Comics #38 (1940);8.0;-44.05
1294;209879324;258224886768293587788443308446617347473;The Batman Case Files Cowl;ETH;0.0010976;2022-06-21T01:00:43.30964Z;1.2261179839999998;0.672;0.672;1.5;The Batman Case Files Batsuit;1.5;-45.19
2226;209368882;145948611893508261651106310234470095926;Page 2 of Batman #1 (1940) Panel 3;ETH;0.001568;2022-06-18T21:09:10.187323Z;1.7515971199999998;0.952;0.952;2.0;Page 2 of Batman #1 (1940) Panel 3;1.0;-45.65
1221;209879474;311346899189094876987755489960865218165;The Batman Newspaper Clippings Emblem Of Vengeance;ETH;0.001904;2022-06-21T01:01:56.943714Z;2.12693936;1.12;1.12;1.0;The Batman Newspaper Clippings I'm here;1.0;-47.34
3489;200458146;297104562373820748809004248386514122503;Comics Detective Comics #38 (1940);ETH;0.001904;2022-05-17T01:07:17.068503Z;2.12693936;1.12;1.12;14.0;Comics Detective Comics #38 (1940);2.0;-47.34
4856;208622182;307669973672528826479927506240476791676;Super Heroes Batman;ETH;0.001904;2022-06-15T22:24:13.934587Z;2.12693936;1.12;1.12;5.0;Super Heroes Batman;3.0;-47.34
4857;208369637;181508788747152020926595588961084611401;Super Heroes Batman;ETH;0.001904;2022-06-14T20:34:08.243785Z;2.12693936;1.12;1.12;5.0;Super Heroes Batman;2.0;-47.34
14;209765977;293170198861474358039158325878521416669;Page 2 of Batman #1 (1940) Panel 7;ETH;0.00168;2022-06-20T13:37:03.674029Z;1.8767112;0.9856;0.9856;2.5;Page 2 of Batman #1 (1940) Panel 7;1.5;-47.48
391;209992075;73692448800131321453573544297109929515;Team-Ups Batman & Catwoman;ETH;0.00672;2022-06-21T13:15:15.7315Z;7.5068448;3.92;3.92;3.5;Team-Ups Batman & Catwoman;2.5;-47.78
1339;209879022;175719385533179811205338185702426373313;The Batman Case Files Detective;ETH;0.0009744;2022-06-21T00:58:42.106267Z;1.088492496;0.56;0.56;2.0;The Batman Case Files Detective;1.0;-48.55
2360;209363949;118412323134640889698277189040020328794;Page 2 of Batman #1 (1940) Panel 9;ETH;0.00784;2022-06-18T20:40:04.990084Z;8.7579856;4.48;4.48;5.0;Page 2 of Batman #1 (1940) Panel 9;3.0;-48.85
3783;209377058;209823083353699660019823830230520075961;Batman Universe Common Black Mask;ETH;0.0392;2022-06-18T21:55:12.707622Z;43.789927999999996;22.4;22.4;1.5;Batman Universe Common Poison Ivy;1.5;-48.85
635;210031045;323471083919596063283124087046160976041;Legends Darkseid;ETH;0.007952;2022-06-21T16:35:38.301343Z;8.88309968;4.48;4.48;4.0;Head To Head Superman vs. Lex Luthor;4.0;-49.57
1871;209873137;278649399699864376481654795758039220678;Superhuman Strength Uncommon Atrocitus;ETH;0.00896;2022-06-21T00:17:44.664026Z;10.009126399999998;5.04;5.04;1.5;The Batman Stills Batcave;1.5;-49.65
1338;209879213;101562394496601761997976798819105054528;The Batman Case Files Detective;ETH;0.0009968;2022-06-21T01:00:00.785472Z;1.1135153119999999;0.56;0.56;2.0;The Batman Case Files Cowl;2.0;-49.71
258;205991082;231702379603259425463119522123766478403;Comics Action Comics #1 (1938);ETH;0.01008;2022-06-05T17:55:11.490159Z;11.2602672;5.6;5.6;13.5;Comics Action Comics #1 (1938);7.5;-50.27
712;210028759;306256888709341180328006143970415882078;Legends Lex Luthor;ETH;0.01008;2022-06-21T16:28:06.991853Z;11.2602672;5.6;5.6;2.0;Head To Head Aquaman VS Black Manta;2.0;-50.27
5530;208616367;170881728315614764811839728446274200010;Multiverse Owlman;ETH;0.002016;2022-06-15T21:47:59.672479Z;2.2520534399999996;1.12;1.12;1.0;Superhuman Strength Common Bizarro;1.0;-50.27
963;208353093;121450316442836217033143330111832780784;DC Pride Common Thunder™;ETH;0.0896;2022-06-14T19:31:18.520291Z;100.091264;49.28;49.28;18.5;DC Pride Common Thunder™;13.5;-50.76
5667;208393343;334434333141382750991020108849826623839;Batman Universe Common Mr. Freeze;ETH;0.03136;2022-06-14T22:33:13.496583Z;35.0319424;16.8;16.8;2.0;Batman Universe Epic Catwoman;2.0;-52.04
463;210053154;313009989276805114469113726154416430533;Superhuman Strength Superior Starfire;ETH;0.0168;2022-06-21T18:08:12.538108Z;18.767111999999997;8.96;8.96;2.5;Superhuman Strength Epic Big Barda;2.5;-52.26
4360;208750578;311788295468162798763190674899730553345;Super-Villains The Joker;ETH;0.00168;2022-06-16T10:39:29.000169Z;1.8767112;0.8848;0.8848;3.0;Super-Villains The Joker;1.0;-52.85
3482;208380705;26855860650757423059680168020976286622;Comics Detective Comics #38 (1940);ETH;0.002128;2022-06-14T21:22:42.30557Z;2.37716752;1.12;1.12;14.0;Comics Detective Comics #38 (1940);9.0;-52.89
3481;208381521;312175541436831395406231466296930174163;Comics Detective Comics #38 (1940);ETH;0.002128;2022-06-14T21:26:12.607967Z;2.37716752;1.12;1.12;14.0;Comics Detective Comics #38 (1940);10.0;-52.89
5714;208380836;288769709495453740931080549221875505835;Comics Showcase #4 (1956);ETH;0.002128;2022-06-14T21:23:19.105216Z;2.37716752;1.12;1.12;17.0;Super-Villains Lex Luthor;17.0;-52.89
5715;208380299;1753635161761357221244714305584235589;Comics Showcase #4 (1956);ETH;0.002128;2022-06-14T21:20:56.680449Z;2.37716752;1.12;1.12;17.0;Comics Showcase #4 (1956);16.0;-52.89
510;209872946;112345569479290531314212871293696224945;The Batman Newspaper Clippings The Caped Crusader;ETH;0.002128;2022-06-21T00:16:25.92367Z;2.37716752;1.12;1.12;2.5;The Batman Newspaper Clippings The Caped Crusader;1.5;-52.89
3740;209377237;336804742769350530284116475451547142115;Batman Universe Uncommon Commissioner Gordon;ETH;0.0728;2022-06-18T21:56:21.734815Z;81.324152;38.08;38.08;1.0;Batman Universe Common Clayface;1.0;-53.18
1246;209879360;115329046368350028273254879441509678368;The Batman Case Files Batsuit;ETH;0.0009632;2022-06-21T01:01:07.332427Z;1.0759810879999998;0.4928;0.4928;1.0;The Batman Newspaper Clippings Day of Judgement;1.0;-54.2
165;210092501;303207724925095373372634244611169598632;DC Pride Common Harley Quinn™;ETH;0.0555;2022-06-21T20:05:35.804757Z;61.998495;28.0;28.0;14.0;DC Pride Uncommon Superman™ / Jon Kent & Jay Nakamura;14.0;-54.84
2809;209788141;265971987095289217642832552272288052172;Vivid Moments Darkseid Defeats Zeus  - Wonder Woman #37 (2017);ETH;0.00196;2022-06-20T15:49:45.108789Z;2.1894964;0.9856;0.9856;1.0;Iconic Symbols Aquaman;1.0;-54.99
832;209179623;334927611856773087540785188655680109493;Team-Ups Batman & Robin;ETH;0.00224;2022-06-18T01:09:39.170017Z;2.5022815999999994;1.12;1.12;2.5;Team-Ups Batman & Robin;1.5;-55.24
2062;209367143;143949464831707450039524943067294874646;Page 2 of Batman #1 (1940) Panel 8;ETH;0.00224;2022-06-18T20:59:13.632147Z;2.5022815999999994;1.12;1.12;5.0;Page 2 of Batman #1 (1940) Panel 8;4.0;-55.24
4307;209180744;6125733414746158354369314466993086524;Head To Head Batman VS The Joker;ETH;0.00224;2022-06-18T01:16:21.885156Z;2.5022815999999994;1.12;1.12;4.0;Multiverse Wonder Woman (Flashpoint);4.0;-55.24
4686;208369246;195336509500310688148037243188803348991;Super Heroes Wonder Woman;ETH;0.00224;2022-06-14T20:32:41.796329Z;2.5022815999999994;1.12;1.12;5.5;Super Heroes Wonder Woman;2.5;-55.24
1107;208356295;304444368539694557612771792706375474092;DC Pride Common Aqualad™;ETH;0.056;2022-06-14T19:43:08.008087Z;62.55703999999999;28.0;28.0;16.5;DC Pride Common Aqualad™;11.5;-55.24
5720;201497200;254328732300344913868364996531396101897;Comics Showcase #4 (1956);ETH;0.00224;2022-05-21T14:41:01.828746Z;2.5022815999999994;1.12;1.12;17.0;Comics Showcase #4 (1956);11.0;-55.24
377;208756902;195699433167963422910450679422143994990;The Batman A Cruel Riddle please do not lie;ETH;0.00336;2022-06-16T11:18:05.410172Z;3.7534224;1.68;1.68;3.0;The Batman A Cruel Riddle please do not lie;2.0;-55.24
4240;209180647;178431223969112905845336631318663090563;Team-Ups Green Lantern Corps;ETH;0.00224;2022-06-18T01:15:40.120595Z;2.5022815999999994;1.12;1.12;3.5;Team-Ups Green Lantern Corps;2.5;-55.24
4241;209179737;287853687639876907108665400410327098488;Team-Ups Green Lantern Corps;ETH;0.00224;2022-06-18T01:10:24.955045Z;2.5022815999999994;1.12;1.12;3.5;Team-Ups Green Lantern Corps;1.5;-55.24
1957;209787806;291835053172274362957787299567266056813;Comics Crisis on Infinite Earths #7 (1985);ETH;0.00224;2022-06-20T15:47:55.149117Z;2.5022815999999994;1.12;1.12;3.0;Comics Crisis on Infinite Earths #7 (1985);1.0;-55.24
2946;209787525;148173535757686755028439546293158461371;Super-Villains Harley Quinn;ETH;0.00112;2022-06-20T15:46:19.577728Z;1.2511407999999997;0.56;0.56;3.0;Comics Harley Quinn #16 (2002);3.0;-55.24
2947;209787415;7052588396772054296234367001261678731;Super-Villains Harley Quinn;ETH;0.00112;2022-06-20T15:45:29.320156Z;1.2511407999999997;0.56;0.56;3.0;Super-Villains Harley Quinn;2.0;-55.24
171;208546317;176125830183462804403774635998659427594;DC Pride Common Harley Quinn™;ETH;0.056;2022-06-15T14:43:11.407986Z;62.55703999999999;28.0;28.0;14.0;DC Pride Common Harley Quinn™;8.0;-55.24
4954;208904397;60431716697594529058430396059168204229;Superhuman Strength Epic Supergirl;ETH;0.112;2022-06-16T23:04:36.164172Z;125.11407999999999;55.5;55.5;1.0;Superhuman Strength Epic Grid;1.0;-55.64
5277;207526747;211618370160854881355049775460885722915;Super-Villains Catwoman;ETH;0.001792;2022-06-11T03:52:58.536584Z;2.00182528;0.8848;0.8848;2.0;Super-Villains Catwoman;1.0;-55.8
5250;208296689;218813503651465335184907518244674390244;Page 2 of Batman #1 (1940) Panel 6;ETH;0.0028;2022-06-14T13:40:27.145984Z;3.127852;1.344;1.344;3.0;Page 2 of Batman #1 (1940) Panel 6;2.0;-57.03
4585;209055866;140181620079829791690144051659188196;Superhuman Strength Superior Power Girl;ETH;0.0168;2022-06-17T13:57:26.923907Z;18.767111999999997;7.84;7.84;2.5;Comics The Man of Steel #1 (1986);2.5;-58.22
1044;209949869;129466825342871506877525560124905137076;DC Pride Uncommon DC Pride #1 (2021);ETH;0.0336;2022-06-21T09:01:22.25865Z;37.534223999999995;15.68;15.68;12.5;DC Pride Common Green Lantern™;12.5;-58.22
3884;208621848;48743923640436484104830940282215443648;Page 2 of Batman #1 (1940) Panel 4;ETH;0.002688;2022-06-15T22:21:28.665206Z;3.0027379199999995;1.232;1.232;3.0;Page 2 of Batman #1 (1940) Panel 4;1.0;-58.97
4752;209023921;58022557363621086437743848318599102967;Comics The Brave and the Bold #28 (1959);ETH;0.004928;2022-06-17T11:16:21.600718Z;5.505019519999999;2.24;2.24;10.0;Super Heroes Hawkgirl;10.0;-59.31
5418;208729560;34324309726426461470346647417065197126;Locations Metropolis;ETH;0.001232;2022-06-16T07:43:13.118898Z;1.3762548799999998;0.56;0.56;3.5;Locations Metropolis;1.5;-59.31
5417;208729633;66859946927878322957648390157287367470;Locations Metropolis;ETH;0.001232;2022-06-16T07:43:44.430925Z;1.3762548799999998;0.56;0.56;3.5;Locations Metropolis;2.5;-59.31
2413;209804554;51617190570985625270023580261934205264;Superhuman Strength Superior Firestorm;ETH;0.0224;2022-06-20T17:18:30.749108Z;25.022816;10.0128;10.0128;2.0;DC Pride Common Pied Piper™;2.0;-59.99
801;209180949;309955859054597989402309191286833931221;Team-Ups Justice League;ETH;0.00224;2022-06-18T01:17:28.156515Z;2.5022815999999994;0.9968;0.9968;3.5;Team-Ups Justice League;1.5;-60.16
3812;209376987;24461774420099999697378211708604072458;Batman Universe Common Solomon Grundy;ETH;0.0504;2022-06-18T21:54:45.094468Z;56.301336;22.4;22.4;3.0;Batman Universe Common Black Mask;3.0;-60.21
2362;209256786;238636386707109827715840718867188388460;Page 2 of Batman #1 (1940) Panel 9;ETH;0.01008;2022-06-18T10:01:19.963088Z;11.2602672;4.48;4.48;5.0;Page 2 of Batman #1 (1940) Panel 9;1.0;-60.21
3882;209367357;283701989571755363460259570327134974259;Page 2 of Batman #1 (1940) Panel 4;ETH;0.0028;2022-06-18T21:00:36.688634Z;3.127852;1.232;1.232;3.0;Line Art / Inks John Constantine;3.0;-60.61
3855;209368159;215399453590137380605876843530452847904;Line Art / Inks John Constantine;ETH;0.00224;2022-06-18T21:05:09.064663Z;2.5022815999999994;0.9856;0.9856;1.0;Line Art / Inks Wonder Woman;1.0;-60.61
3952;209364186;233836988354494865383484630796362600744;Civilians Amanda Waller seen in Justice League vs Suicide Squad 2 (2016);ETH;0.00224;2022-06-18T20:41:32.519845Z;2.5022815999999994;0.9856;0.9856;2.5;Superhuman Strength Uncommon Darkseid;2.5;-60.61
1109;209948475;285685125402490110266475232128903921886;The Batman From Gotham City Selina Kyle / Catwoman;ETH;0.00224;2022-06-21T08:50:30.555044Z;2.5022815999999994;0.9856;0.9856;1.5;DC Pride Common Aqualad™;1.5;-60.61
965;208353376;220062352077219289263943389398609060850;DC Pride Epic Nubia™;ETH;0.07728;2022-06-14T19:32:16.304316Z;86.32871519999999;33.6;33.6;3.5;DC Pride Epic Nubia™;2.5;-61.08
3587;205912795;188223289621629358972739350511365217388;Superhuman Strength Superior Lobo;ETH;0.0168;2022-06-05T11:48:47.014364Z;18.767111999999997;7.28;7.28;4.0;Superhuman Strength Superior Lobo;3.0;-61.21
966;208353122;207795826342387076194824390678636186992;DC Pride Epic Nubia™;ETH;0.0784;2022-06-14T19:31:27.954438Z;87.57985599999999;33.6;33.6;3.5;DC Pride Epic Nubia™;1.5;-61.64
5726;197326365;40558153075833341549226994847475648256;Comics Showcase #4 (1956);ETH;0.0026208;2022-05-08T11:06:01.877802Z;2.927669472;1.12;1.12;17.0;Comics Showcase #4 (1956);5.0;-61.74
2318;209362387;295997680823195336650502256232490686686;Page 2 of Batman #1 (1940) Panel 1;ETH;0.002239776;2022-06-18T20:31:47.487093Z;2.50203137184;0.952;0.952;3.5;Page 2 of Batman #1 (1940) Panel 1;1.5;-61.95
3684;209362303;193520949349207944247319759370911253328;Page 2 of Batman #1 (1940) Panel 2;ETH;0.00224;2022-06-18T20:31:10.352625Z;2.5022815999999994;0.952;0.952;4.0;Page 2 of Batman #1 (1940) Panel 2;2.0;-61.95
3683;209363624;219625130690781382848985459807909904759;Page 2 of Batman #1 (1940) Panel 2;ETH;0.002239888;2022-06-18T20:38:39.19813Z;2.50215648592;0.952;0.952;4.0;Page 2 of Batman #1 (1940) Panel 2;3.0;-61.95
5727;197234182;309324823737232484276212461582235524611;Comics Showcase #4 (1956);ETH;0.002688;2022-05-08T04:38:57.437794Z;3.0027379199999995;1.12;1.12;17.0;Comics Showcase #4 (1956);4.0;-62.7
775;209996826;150696034169530530763253968092222092678;Team-Ups Teen Titans;ETH;0.00672;2022-06-21T13:43:51.529683Z;7.5068448;2.8;2.8;3.5;Team-Ups Teen Titans;2.5;-62.7
5591;208427748;240808009896254409554466142331834819819;Vivid Moments Death of Superman  - Superman #75 (1992);ETH;0.007728;2022-06-15T02:50:01.424496Z;8.632871519999998;3.136;3.136;1.5;Batman Universe Uncommon Deadshot;1.5;-63.67
158;210092525;275806883683889414245995580060239426187;DC Pride Uncommon Aqualad™;ETH;0.0555;2022-06-21T20:05:40.692483Z;61.998495;22.4;22.4;17.5;DC Pride Uncommon Aqualad™;16.5;-63.87
5552;208347692;247661271475392991647495339612042672723;DC Pride Uncommon Batwoman™;ETH;0.056;2022-06-14T19:08:15.588681Z;62.55703999999999;22.4;22.4;14.0;DC Pride Uncommon Batwoman™;13.0;-64.19
4753;208728398;279090772534867345624368550092612825926;Comics The Brave and the Bold #28 (1959);ETH;0.0056;2022-06-16T07:34:49.047493Z;6.255704;2.24;2.24;10.0;Comics The Brave and the Bold #28 (1959);9.0;-64.19
447;208903560;231227807048421124564487817671698368501;Superhuman Strength Epic Big Barda;ETH;0.056;2022-06-16T22:59:47.050416Z;62.55703999999999;22.4;22.4;3.0;Superhuman Strength Epic Big Barda;2.0;-64.19
4288;209181708;122365503670698647456313748409192864447;Multiverse Wonder Woman (Flashpoint);ETH;0.002239552;2022-06-18T01:21:29.466632Z;2.50178114368;0.896;0.896;1.0;The Batman A Cruel Riddle Unmask the truth;1.0;-64.19
4760;205102495;18402493817652713876751700796070713937;Comics The Brave and the Bold #28 (1959);ETH;0.0056;2022-06-02T20:53:40.763499Z;6.255704;2.24;2.24;10.0;Comics The Brave and the Bold #28 (1959);2.0;-64.19
2767;209788259;86922565530488610028293593029850025306;Iconic Symbols Aquaman;ETH;0.002912;2022-06-20T15:50:21.234635Z;3.2529660799999998;1.12;1.12;1.0;Locations Apokolips as seen in Death of the New Gods #1 (2007);1.0;-65.57
5213;208784323;272549609622663421607417501703404284332;Super-Villains Sinestro;ETH;0.000504;2022-06-16T13:33:13.399527Z;0.5630133599999999;0.1904;0.1904;1.5;Super Heroes Superman;1.5;-66.18
1910;209848206;207625900823057994786659980929662691805;Super Heroes Martian Manhunter;ETH;0.000504;2022-06-20T21:41:14.012815Z;0.5630133599999999;0.1904;0.1904;2.0;Super Heroes Martian Manhunter;1.0;-66.18
5832;207450520;59827013229721677753792234356811970291;Superhuman Strength Uncommon Black Adam;ETH;0.01792;2022-06-10T21:03:12.065893Z;20.018252799999996;6.72;6.72;3.5;Superhuman Strength Uncommon Black Adam;2.5;-66.43
3883;209365316;59494194003377254925604520751378531645;Page 2 of Batman #1 (1940) Panel 4;ETH;0.00336;2022-06-18T20:47:43.699603Z;3.7534224;1.232;1.232;3.0;Page 2 of Batman #1 (1940) Panel 4;2.0;-67.18
378;208292239;297930735768482154717209564656300115474;The Batman A Cruel Riddle please do not lie;ETH;0.004592;2022-06-14T13:12:43.878028Z;5.129677279999999;1.68;1.68;3.0;The Batman A Cruel Riddle please do not lie;1.0;-67.25
154;210027928;73819245063557130764636291142466285080;DC Pride Superior Robin™ #14 (2022);ETH;0.56;2022-06-21T16:25:19.741528Z;625.5704000000001;196.0;196.0;9.0;DC Pride Superior Robin™ #14 (2022);6.0;-68.67
2063;209366356;268945451485128614861665983432243334344;Page 2 of Batman #1 (1940) Panel 8;ETH;0.00336;2022-06-18T20:53:30.603835Z;3.7534224;1.12;1.12;5.0;Page 2 of Batman #1 (1940) Panel 8;3.0;-70.16
695;210003135;192797346300386948015534599769905776680;Head To Head Aquaman VS Black Manta;ETH;0.00336;2022-06-21T14:22:23.857386Z;3.7534224;1.12;1.12;5.0;Head To Head Aquaman VS Black Manta;2.0;-70.16
2064;209364089;145790295746737364062401229797246265206;Page 2 of Batman #1 (1940) Panel 8;ETH;0.00336;2022-06-18T20:40:44.98446Z;3.7534224;1.12;1.12;5.0;Page 2 of Batman #1 (1940) Panel 8;2.0;-70.16
637;202033232;14605114838203243331194414720414437177;Legends Darkseid;ETH;0.0136192;2022-05-23T13:11:52.516974Z;15.213872127999998;4.48;4.48;4.0;Legends Darkseid;2.0;-70.55
45;210069886;247896924878144286198677601127628436680;Legends Wonder Woman;ETH;0.0784;2022-06-21T19:00:43.426729Z;87.57985599999999;25.76;25.76;2.0;Legends Wonder Woman;1.0;-70.59
446;210053304;89391030080981369763129217820178581796;Superhuman Strength Epic Big Barda;ETH;0.06832;2022-06-21T18:08:46.864147Z;76.3195888;22.4;22.4;3.0;Superhuman Strength Common Shazam;3.0;-70.65
3164;209784089;104492825203625403099317714937141220714;Objects Lasso of Truth;ETH;0.003024;2022-06-20T15:25:10.785765Z;3.37808016;0.9856;0.9856;1.0;Alter Ego The Green Lantern;1.0;-70.82
5580;208449776;108864645971362696059577531268074802093;Batman Universe Uncommon Deadshot;ETH;0.07056;2022-06-15T05:12:02.112237Z;78.8218704;22.4;22.4;2.0;Batman Universe Uncommon Red Hood;2.0;-71.58
3484;208380067;283214732144773340224312433987907374507;Comics Detective Comics #38 (1940);ETH;0.003584;2022-06-14T21:19:56.115074Z;4.00365056;1.12;1.12;14.0;Comics Detective Comics #38 (1940);7.0;-72.03
5723;198019514;62443047385521367738708116515175007841;Comics Showcase #4 (1956);ETH;0.003696;2022-05-10T02:49:18.024154Z;4.12876464;1.12;1.12;17.0;Comics Showcase #4 (1956);8.0;-72.87
5867;207144415;174882923667351582506362819384591119846;Batman Universe Common Oracle;ETH;0.112;2022-06-09T15:22:49.8163Z;125.11407999999999;33.6;33.6;2.0;Superhuman Strength Uncommon Swamp Thing;2.0;-73.14
162;209949941;287515900280137374633939083979200184444;DC Pride Common Batwoman™;ETH;0.0336;2022-06-21T09:01:52.659481Z;37.534223999999995;10.08;10.08;15.5;DC Pride Common Batwoman™;14.5;-73.14
2414;205466927;154608224379143965674090560950058528189;Superhuman Strength Superior Firestorm;ETH;0.0336;2022-06-04T00:27:13.197406Z;37.534223999999995;10.0128;10.0128;2.0;Superhuman Strength Superior Firestorm;1.0;-73.32
2631;209789565;88871452458389968127907614703396641206;Iconic Symbols Batman;ETH;0.00336;2022-06-20T15:57:50.847556Z;3.7534224;0.9856;0.9856;1.5;Iconic Symbols Superman;1.5;-73.74
2317;209363806;47545739088501717081089097809546683144;Page 2 of Batman #1 (1940) Panel 1;ETH;0.00336;2022-06-18T20:39:26.522474Z;3.7534224;0.952;0.952;3.5;Page 2 of Batman #1 (1940) Panel 1;2.5;-74.64
3589;205441323;325195263205822450159072507269688997400;Superhuman Strength Superior Lobo;ETH;0.02576;2022-06-03T22:16:32.94824Z;28.7762384;7.28;7.28;4.0;Superhuman Strength Superior Lobo;1.0;-74.7
5416;208729706;222153900460378553132675444111153244159;Locations Metropolis;ETH;0.002128;2022-06-16T07:44:10.964798Z;2.37716752;0.56;0.56;3.5;Super-Villains Darkseid;3.5;-76.44
2977;209785514;209967716129577662747397169321716940081;"Iconic Quotes ""The Last  Son of Krypton"" - Superman";ETH;0.004368;2022-06-20T15:33:53.431827Z;4.87944912;1.12;1.12;1.0;Super-Villains Harley Quinn;1.0;-77.05
5001;207278447;71117791723087638341621238467502129036;Super Heroes The Flash;ETH;0.001232;2022-06-10T03:54:21.727518Z;1.3762548799999998;0.3136;0.3136;5.0;Super Heroes The Flash;1.0;-77.21
1108;208352515;333033913191420751646659907681459281699;DC Pride Common Aqualad™;ETH;0.112;2022-06-14T19:28:59.796924Z;125.11407999999999;28.0;28.0;16.5;DC Pride Common Aqualad™;10.5;-77.62
2145;209364488;50525798672850340817544134065192873987;Page 2 of Batman #1 (1940) Panel 5;ETH;0.00336;2022-06-18T20:43:03.308522Z;3.7534224;0.84;0.84;2.0;Page 2 of Batman #1 (1940) Panel 5;1.0;-77.62
5725;197425273;212535029930379376513718308132587147475;Comics Showcase #4 (1956);ETH;0.00448;2022-05-08T15:15:17.182497Z;5.004563199999999;1.12;1.12;17.0;Comics Showcase #4 (1956);6.0;-77.62
3989;209055782;246086329344579398359475520043636837679;Superhuman Strength Uncommon Black Manta;ETH;0.03136;2022-06-17T13:56:54.605855Z;35.0319424;7.728;7.728;2.5;Superhuman Strength Uncommon Black Manta;1.5;-77.94
2254;209806426;259915673452769120924851234407626183304;Legends Superman;ETH;0.1008;2022-06-20T17:28:16.327216Z;112.602672;24.64;24.64;2.0;Page 2 of Batman #1 (1940) Panel 3;2.0;-78.12
1047;209948668;118735082100931150466493146193900698455;Sketch Art / Pencils Darkseid;ETH;0.00336;2022-06-21T08:52:27.923985Z;3.7534224;0.7728;0.7728;1.0;DC Pride Uncommon DC Pride #1 (2021);1.0;-79.41
4531;209072730;135230100991837931800617644634121270959;Comics The Man of Steel #1 (1986);ETH;0.00504;2022-06-17T15:19:31.551905Z;5.6301336;1.12;1.12;2.0;Vivid Moments Mera & Aquaman Embrace  - Aquaman #48 (2016);2.0;-80.11
5551;208546515;302962878235884509029601804608608912799;DC Pride Uncommon Batwoman™;ETH;0.1008;2022-06-15T14:44:18.013425Z;112.602672;22.4;22.4;14.0;DC Pride Uncommon Kid Quick™ / The Flash™;14.0;-80.11
659;209873566;148270023730189740150322411714882480816;Multiverse Superman of Earth-3;ETH;0.01008;2022-06-21T00:20:36.430737Z;11.2602672;2.24;2.24;2.5;Multiverse Superman of Earth-3;1.5;-80.11
3047;209784966;97303032396776049827604207722025895722;Sketch Art / Pencils Aquaman;ETH;0.00448;2022-06-20T15:30:43.411902Z;5.004563199999999;0.9856;0.9856;1.0;Objects Power Ring;1.0;-80.31
1685;209874195;170920352891553973164747469551471675829;The Batman Stills Catwoman;ETH;0.0009968;2022-06-21T00:24:26.280523Z;1.1135153119999999;0.2128;0.2128;3.5;The Batman Stills Catwoman;2.5;-80.89
1686;209874069;197150771922053291347027633666929880376;The Batman Stills Catwoman;ETH;0.0009968;2022-06-21T00:23:37.752358Z;1.1135153119999999;0.2128;0.2128;3.5;The Batman Stills Catwoman;1.5;-80.89
5807;207003712;334175619739386358886905896828624489249;The Batman Newspaper Clippings batman strikes again!;ETH;0.005264;2022-06-09T02:29:12.8913Z;5.880361759999999;1.12;1.12;4.0;The Batman Newspaper Clippings batman strikes again!;3.0;-80.95
1141;208354807;144027789611409460111398291094268383236;DC Pride Uncommon Harley Quinn™;ETH;0.0896;2022-06-14T19:37:35.51825Z;100.091264;19.04;19.04;11.5;DC Pride Uncommon Harley Quinn™;9.5;-80.98
5728;197079573;10985959974629718685157433368564857177;Comics Showcase #4 (1956);ETH;0.005488;2022-05-07T20:28:33.203153Z;6.130589919999999;1.12;1.12;17.0;Comics Showcase #4 (1956);3.0;-81.73
5729;197079444;106443580346169929332538593222178380021;Comics Showcase #4 (1956);ETH;0.005488;2022-05-07T20:28:16.059342Z;6.130589919999999;1.12;1.12;17.0;Comics Showcase #4 (1956);2.0;-81.73
5730;197079343;51189793793152805959659771242685828897;Comics Showcase #4 (1956);ETH;0.005488;2022-05-07T20:28:01.413811Z;6.130589919999999;1.12;1.12;17.0;Comics Showcase #4 (1956);1.0;-81.73
692;210030524;165468992952156292381274059430965178023;Head To Head Aquaman VS Black Manta;ETH;0.0056;2022-06-21T16:34:00.616272Z;6.255704;1.12;1.12;5.0;Multiverse Superman of Earth-3;5.0;-82.1
5581;198651533;41851308777104625492688137076863951459;Batman Universe Uncommon Deadshot;ETH;0.112;2022-05-12T19:59:56.329198Z;125.11407999999999;22.4;22.4;2.0;Batman Universe Uncommon Deadshot;1.0;-82.1
4971;208904245;275471592754500942402789798551237570240;Superhuman Strength Common Superboy;ETH;0.0224;2022-06-16T23:03:46.019368Z;25.022816;4.48;4.48;1.5;Superhuman Strength Epic Supergirl;1.5;-82.1
638;201654021;236077818481190057633291608957159535247;Legends Darkseid;ETH;0.0224;2022-05-22T03:32:20.375649Z;25.022816;4.48;4.48;4.0;Legends Darkseid;1.0;-82.1
4902;208952535;182291587741676917632705337008652259202;Line Art / Inks The Joker;ETH;0.0056;2022-06-17T04:28:17.248461Z;6.255704;1.12;1.12;2.0;Super Heroes Batman;2.0;-82.1
3988;209353097;182125359904247772926170682110156803138;Superhuman Strength Uncommon Black Manta;ETH;0.040182;2022-06-18T19:38:22.672576Z;44.886910379999996;7.728;7.728;2.5;Batman Universe Common Katana;2.5;-82.78
1632;209874260;263037903702938844743229824848146352738;The Batman Stills BatMobile engine;ETH;0.001456;2022-06-21T00:25:00.043596Z;1.6264830399999999;0.28;0.28;1.0;The Batman From Gotham City To The Batman;1.0;-82.78
4719;209025497;138845071445193767942750745897591456791;Super Heroes Hawkgirl;ETH;0.0009968;2022-06-17T11:25:57.611232Z;1.1135153119999999;0.1904;0.1904;1.0;Super Heroes Wonder Woman;1.0;-82.9
4646;209026941;106783315126907460007047485736307874894;Super Heroes Cyborg;ETH;0.0009968;2022-06-17T11:33:50.344975Z;1.1135153119999999;0.1904;0.1904;2.0;Comics Green Lantern #49 (1994);2.0;-82.9
4647;209026904;272734452360070016171626229810243543262;Super Heroes Cyborg;ETH;0.0009968;2022-06-17T11:33:33.303245Z;1.1135153119999999;0.1904;0.1904;2.0;Super Heroes Cyborg;1.0;-82.9
3073;209784860;50288959395302058742764943954104095464;Head To Head The Cheetah VS. Wonder Woman;ETH;0.00504;2022-06-20T15:30:12.013145Z;5.6301336;0.896;0.896;3.5;Sketch Art / Pencils Aquaman;3.5;-84.09
5304;208750204;7691878297236287986500322961459020084;Super-Villains Black Manta;ETH;0.0010864;2022-06-16T10:37:03.385052Z;1.2136065759999999;0.1904;0.1904;2.0;Super-Villains Catwoman;2.0;-84.31
5305;208750137;304416618105668895189728378833420964656;Super-Villains Black Manta;ETH;0.0010864;2022-06-16T10:36:43.756613Z;1.2136065759999999;0.1904;0.1904;2.0;Super-Villains Black Manta;1.0;-84.31
4999;208369981;212569384941248503741403109007532984217;Super Heroes The Flash;ETH;0.001792;2022-06-14T20:35:30.389373Z;2.00182528;0.3136;0.3136;5.0;Super Heroes The Flash;3.0;-84.33
1046;208415305;302819035495314534288485044194202141950;DC Pride Uncommon DC Pride #1 (2021);ETH;0.0896;2022-06-15T01:18:03.080152Z;100.091264;15.68;15.68;12.5;DC Pride Uncommon DC Pride #1 (2021);10.5;-84.33
5765;208355698;84981793173324546831862013654081298176;DC Pride Common Super Friends™;ETH;0.09184;2022-06-14T19:40:52.978973Z;102.5935456;15.68;15.68;14.0;DC Pride Common Super Friends™;13.0;-84.72
4787;207278770;304807727410545468964009833102273355878;Super Heroes Aquaman;ETH;0.00112;2022-06-10T03:56:45.732604Z;1.2511407999999997;0.1904;0.1904;2.5;Super Heroes Aquaman;1.5;-84.78
5806;208098474;145036790865836799774370888435316913058;The Batman Newspaper Clippings batman strikes again!;ETH;0.006608;2022-06-13T14:14:09.214084Z;7.381730719999999;1.12;1.12;4.0;Superhuman Strength Superior Donna Troy;4.0;-84.83
3756;209377106;192674346020045506237487538846877490152;Batman Universe Common Poison Ivy;ETH;0.0728;2022-06-18T21:55:44.31866Z;81.324152;12.32;12.32;1.0;Batman Universe Uncommon Commissioner Gordon;1.0;-84.85
260;205762208;188371086701353720935275809947163603414;Comics Action Comics #1 (1938);ETH;0.0336;2022-06-04T21:19:44.862601Z;37.534223999999995;5.6;5.6;13.5;Comics Action Comics #1 (1938);5.5;-85.08
475;210052817;36114207482736691592306343100109203767;Superhuman Strength Uncommon Arkillo;ETH;0.02912;2022-06-21T18:07:00.651216Z;32.529660799999995;4.7376;4.7376;1.0;Superhuman Strength Superior Starfire;1.0;-85.44
157;210092532;13738479889390275348104262348082216703;DC Pride Uncommon Aqualad™;ETH;0.1443;2022-06-21T20:05:42.332855Z;161.196087;22.4;22.4;17.5;DC Pride Superior Robin™ #14 (2022);17.5;-86.1
262;204843397;201910589253136603545913379898412522828;Comics Action Comics #1 (1938);ETH;0.03696;2022-06-02T01:19:43.196062Z;41.2876464;5.6;5.6;13.5;Comics Action Comics #1 (1938);3.5;-86.44
1045;208786422;33275683637169114399809357555993161173;DC Pride Uncommon DC Pride #1 (2021);ETH;0.10528;2022-06-16T13:41:09.108579Z;117.60723519999999;15.68;15.68;12.5;DC Pride Uncommon DC Pride #1 (2021);11.5;-86.67
259;205762606;283923072182059270446403339260481422607;Comics Action Comics #1 (1938);ETH;0.037968;2022-06-04T21:21:20.595727Z;42.41367312;5.6;5.6;13.5;Comics Action Comics #1 (1938);6.5;-86.8
3953;208425966;72440031352892659664459172988084536854;Civilians Amanda Waller seen in Justice League vs Suicide Squad 2 (2016);ETH;0.00672;2022-06-15T02:37:57.227592Z;7.5068448;0.9856;0.9856;2.5;Civilians Amanda Waller seen in Justice League vs Suicide Squad 2 (2016);1.5;-86.87
1684;209874237;150391621266493786593386650666187860143;The Batman Stills Catwoman;ETH;0.001456;2022-06-21T00:24:43.288035Z;1.6264830399999999;0.2128;0.2128;3.5;The Batman Stills BatMobile engine;3.5;-86.92
5359;208749963;93622118996827597224643041509340091780;Super-Villains Darkseid;ETH;0.001344;2022-06-16T10:35:39.159002Z;1.5013689599999998;0.1904;0.1904;2.5;Super-Villains Black Adam;2.5;-87.32
247;210092441;255145908054385739392037983105759892065;DC Pride Uncommon Pied Piper™;ETH;0.0555;2022-06-21T20:05:09.057679Z;61.998495;7.84;7.84;12.5;Superhuman Strength Common Giganta;12.5;-87.35
5764;208357682;63835034916648566384372087612631607136;DC Pride Common Super Friends™;ETH;0.112;2022-06-14T19:48:29.087463Z;125.11407999999999;15.68;15.68;14.0;DC Pride Superior Green Lantern™;14.0;-87.47
249;208378661;75053774087113754558303200655479401745;DC Pride Uncommon Pied Piper™;ETH;0.056;2022-06-14T21:13:49.162747Z;62.55703999999999;7.84;7.84;12.5;DC Pride Uncommon Pied Piper™;10.5;-87.47
250;208378597;100429430642847380342040398981284097177;DC Pride Uncommon Pied Piper™;ETH;0.056;2022-06-14T21:13:32.402558Z;62.55703999999999;7.84;7.84;12.5;DC Pride Uncommon Pied Piper™;9.5;-87.47
4998;208753519;17928637873815728097522549449839040333;Super Heroes The Flash;ETH;0.00224;2022-06-16T10:57:45.418084Z;2.5022815999999994;0.3136;0.3136;5.0;Super Heroes The Flash;4.0;-87.47
1078;209948562;55867123060400280966662255909123534669;Head To Head Sinestro vs. Green Lantern;ETH;0.0056;2022-06-21T08:51:38.728735Z;6.255704;0.7616;0.7616;3.0;Sketch Art / Pencils Darkseid;3.0;-87.83
636;208754308;82616149387059431663871160210772039140;Legends Darkseid;ETH;0.0336;2022-06-16T11:02:55.414312Z;37.534223999999995;4.48;4.48;4.0;Legends Darkseid;3.0;-88.06
5767;208352291;4117406042742470654725789315299390468;DC Pride Common Poison Ivy™ & Harley Quinn™;ETH;0.112;2022-06-14T19:28:04.012013Z;125.11407999999999;14.56;14.56;18.0;DC Pride Common Poison Ivy™ & Harley Quinn™;17.0;-88.36
5721;200452517;145338052041240675059838284920741001700;Comics Showcase #4 (1956);ETH;0.00896;2022-05-17T00:22:29.114632Z;10.009126399999998;1.12;1.12;17.0;Comics Showcase #4 (1956);10.0;-88.81
421;210053441;193823524392200713286931255374857291624;Superhuman Strength Common Shazam;ETH;0.0448;2022-06-21T18:09:17.67952Z;50.045632;5.6;5.6;1.5;Team-Ups Batman & Catwoman;1.5;-88.81
5249;208758436;251341989611971486684901703016130074251;Page 2 of Batman #1 (1940) Panel 6;ETH;0.0112;2022-06-16T11:27:05.649899Z;12.511408;1.344;1.344;3.0;Super-Villains Sinestro;3.0;-89.26
44;210092558;326012740336741829082722460465548002168;Legends Wonder Woman;ETH;0.222;2022-06-21T20:05:50.148708Z;247.99398;25.76;25.76;2.0;Page 2 of Batman #1 (1940) Panel 7;2.0;-89.61
3488;202451293;86982448158085673739967756326897757372;Comics Detective Comics #38 (1940);ETH;0.01008;2022-05-25T07:35:58.026117Z;11.2602672;1.12;1.12;14.0;Comics Detective Comics #38 (1940);3.0;-90.05
4171;209203069;126468263631229591634004838059761398214;Vivid Moments Cyborg Upgrades  - Justice League #33 (2017);ETH;0.00896;2022-06-18T03:34:12.454664Z;10.009126399999998;0.9856;0.9856;1.0;Civilians David Singh as seen in The Flash #33 (2014);1.0;-90.15
5717;206949920;169404097663118491852859859554071697773;Comics Showcase #4 (1956);ETH;0.01064;2022-06-08T20:58:42.699072Z;11.885837599999999;1.12;1.12;17.0;Comics Showcase #4 (1956);14.0;-90.58
4027;209353088;192824963962400916459990446309522256411;Superhuman Strength Common Atomica;ETH;0.0221001;2022-06-18T19:38:21.842217Z;24.687800708999998;2.24;2.24;2.0;Head To Head Reverse-Flash VS. The Flash;2.0;-90.93
5550;208415504;255716392599795378697437748697662335117;DC Pride Uncommon Kid Quick™ / The Flash™;ETH;0.15008;2022-06-15T01:19:59.158291Z;167.65286719999997;15.12;15.12;13.5;DC Pride Uncommon Kid Quick™ / The Flash™;12.5;-90.98
5360;207276893;35214289958103821560657822433595960463;Super-Villains Darkseid;ETH;0.001904;2022-06-10T03:43:21.356998Z;2.12693936;0.1904;0.1904;2.5;Super-Villains Darkseid;1.5;-91.05
5718;203202577;52069528642581829270023280356497890781;Comics Showcase #4 (1956);ETH;0.0112;2022-05-28T06:58:28.047466Z;12.511408;1.12;1.12;17.0;Comics Showcase #4 (1956);13.0;-91.05
5889;205466844;45251337968453306846148620394832523007;Superhuman Strength Uncommon Trench;ETH;0.0672;2022-06-04T00:26:44.256238Z;75.06844799999999;6.72;6.72;1.0;Batman Universe Uncommon Deathstroke;1.0;-91.05
5549;208546599;307402119963359792317843037788504576230;DC Pride Uncommon Kid Quick™ / The Flash™;ETH;0.1568;2022-06-15T14:44:54.350263Z;175.15971199999998;15.12;15.12;13.5;Multiverse Owlman;13.5;-91.37
3685;209019192;226813023542914481037731341342858078309;Page 2 of Batman #1 (1940) Panel 2;ETH;0.009968;2022-06-17T10:46:22.443323Z;11.135153119999998;0.952;0.952;4.0;Page 2 of Batman #1 (1940) Panel 2;1.0;-91.45
2847;209787926;282234688830624708316289089542768801197;Super Heroes Supergirl;ETH;0.00224;2022-06-20T15:48:31.537817Z;2.5022815999999994;0.1904;0.1904;1.0;Vivid Moments Darkseid Defeats Zeus  - Wonder Woman #37 (2017);1.0;-92.39
3490;200152219;28753601214182850457331220013429741598;Comics Detective Comics #38 (1940);ETH;0.01344;2022-05-15T20:58:37.261316Z;15.0136896;1.12;1.12;14.0;Comics Detective Comics #38 (1940);1.0;-92.54
3637;209446418;253068815090794505988181717824274471176;Legends Harley Quinn;ETH;0.10976;2022-06-19T05:23:46.807602Z;122.61179839999998;8.96;8.96;2.5;The Batman A Cruel Riddle I Know What I Have To Become;2.5;-92.69
4054;209353092;53241591599853905529194157124194889602;Superhuman Strength Superior Trigon;ETH;0.140637;2022-06-18T19:38:21.842217Z;157.10418633;11.2;11.2;2.5;Superhuman Strength Common Atomica;2.5;-92.87
4586;208903910;320388705268230382089347833324308111845;Superhuman Strength Superior Power Girl;ETH;0.112;2022-06-16T23:01:43.044825Z;125.11407999999999;7.84;7.84;2.5;Superhuman Strength Superior Power Girl;1.5;-93.73
251;208352720;18056750929849414054977180503467071385;DC Pride Uncommon Pied Piper™;ETH;0.112;2022-06-14T19:29:53.063932Z;125.11407999999999;7.84;7.84;12.5;DC Pride Uncommon Pied Piper™;8.5;-93.73
161;210092519;279562578213627732030364464358518700728;DC Pride Common Batwoman™;ETH;0.1443;2022-06-21T20:05:38.156679Z;161.196087;10.08;10.08;15.5;DC Pride Uncommon Aqualad™;15.5;-93.75
1909;209848278;234952230269995957578426968805402269687;Super Heroes Martian Manhunter;ETH;0.0028;2022-06-20T21:41:35.493205Z;3.127852;0.1904;0.1904;2.0;The Batman Movie Poster: The Riddler The Riddler;2.0;-93.91
3476;209753638;49265826205823768527062368828491414513;DC Pride Superior Batwoman™;ETH;0.1176;2022-06-20T12:26:36.833364Z;131.36978399999998;7.84;7.84;12.5;Vivid Moments White Lantern Transformation - Blackest Night #8 (2010);12.5;-94.03
774;209996930;8584450161497289525663326260085684595;Team-Ups Teen Titans;ETH;0.04368;2022-06-21T13:44:21.267004Z;48.794491199999996;2.8;2.8;3.5;Legends The Joker;3.5;-94.26
5716;207549014;288290416017512654195840817061004414324;Comics Showcase #4 (1956);ETH;0.0178752;2022-06-11T06:18:17.273803Z;19.968207168;1.12;1.12;17.0;Comics Showcase #4 (1956);15.0;-94.39
3625;209446545;328538783054156278995425641192293940132;The Batman A Cruel Riddle I Know What I Have To Become;ETH;0.06608;2022-06-19T05:24:35.824665Z;73.81730719999999;3.92;3.92;3.5;Super-Villains Poison Ivy;3.5;-94.69
4067;209353093;317793542679025806069701881870843384551;Superhuman Strength Uncommon Cyborg;ETH;0.0964368;2022-06-18T19:38:21.842217Z;107.728584912;5.6;5.6;1.5;Superhuman Strength Superior Trigon;1.5;-94.8
2065;208727578;203243608568130880472179586399783430787;Page 2 of Batman #1 (1940) Panel 8;ETH;0.02128;2022-06-16T07:29:59.443039Z;23.771675199999997;1.12;1.12;5.0;Page 2 of Batman #1 (1940) Panel 8;1.0;-95.29
248;210016152;159455389601861299625501227111670489863;DC Pride Uncommon Pied Piper™;ETH;0.1568;2022-06-21T15:38:32.948859Z;175.15971199999998;7.84;7.84;12.5;DC Pride Uncommon Pied Piper™;11.5;-95.52
252;210090515;73297158987516150652841014024046262356;Comics Action Comics #1 (1938);ETH;0.1232;2022-06-21T19:56:38.327127Z;137.625488;5.6;5.6;13.5;DC Pride Uncommon Pied Piper™;13.5;-95.93
3586;209552533;63195582009304144923979785502931870954;Superhuman Strength Superior Lobo;ETH;0.168;2022-06-19T16:05:42.269289Z;187.67112;7.28;7.28;4.0;Sketch Art / Pencils Superman;4.0;-96.12
5808;205110914;266933547440444154731281721168146786379;The Batman Newspaper Clippings batman strikes again!;ETH;0.028;2022-06-02T21:34:34.734755Z;31.278519999999997;1.12;1.12;4.0;The Batman Newspaper Clippings batman strikes again!;2.0;-96.42
4359;208754543;81820803005860494383360349944835709127;Super-Villains The Joker;ETH;0.0224;2022-06-16T11:04:36.675781Z;25.022816;0.8848;0.8848;3.0;Super-Villains The Joker;2.0;-96.46
224;210092453;280527720581111320786339151342764447882;Superhuman Strength Common Giganta;ETH;0.1443;2022-06-21T20:05:15.864619Z;161.196087;5.6;5.6;1.0;The Batman Stills The Riddler;1.0;-96.53
5763;208360244;307972851668781361466166210600110322871;DC Pride Superior Green Lantern™;ETH;0.15792;2022-06-14T19:58:42.887683Z;176.4108528;5.6;5.6;6.0;Comics Showcase #4 (1956);6.0;-96.83
160;208551242;198193558211426960642541834389869602228;DC Pride Uncommon Aqualad™;ETH;0.672;2022-06-15T15:15:28.352016Z;750.68448;22.4;22.4;17.5;DC Pride Uncommon Aqualad™;14.5;-97.02
5809;205110787;76150939145378188897266570979956894571;The Batman Newspaper Clippings batman strikes again!;ETH;0.0338688;2022-06-02T21:34:03.955167Z;37.83449779199999;1.12;1.12;4.0;The Batman Newspaper Clippings batman strikes again!;1.0;-97.04
2122;209807117;202684678539572716585501111728365031782;Civilians Iris West as seen in The Flash #8 (2012);ETH;0.11088;2022-06-20T17:32:36.429556Z;123.8629392;3.36;3.36;2.5;Line Art / Inks Superman;2.5;-97.29
376;210070080;57733154523582120198600896055181808371;The Batman A Cruel Riddle please do not lie;ETH;0.056;2022-06-21T19:01:08.639931Z;62.55703999999999;1.68;1.68;3.0;DC Pride Uncommon John Constantine™;3.0;-97.31
4008;209353099;140345638816685954704487222131206336586;Head To Head Reverse-Flash VS. The Flash;ETH;0.040182;2022-06-18T19:38:22.672576Z;44.886910379999996;1.12;1.12;3.5;Superhuman Strength Uncommon Black Manta;3.5;-97.5
5820;207938580;320605520337166182692633878476284952977;Superhuman Strength Uncommon Eclipso;ETH;0.168;2022-06-12T19:26:40.187082Z;187.67112;4.368;4.368;1.0;The Batman Newspaper Clippings batman strikes again!;1.0;-97.67
4756;208133285;220027504451339777574760665671358981962;Comics The Brave and the Bold #28 (1959);ETH;0.0896;2022-06-13T18:15:47.236359Z;100.091264;2.24;2.24;10.0;Comics The Brave and the Bold #28 (1959);6.0;-97.76
1997;209808039;50692067424753836195676047948157701100;Vivid Moments Bane Breaks Batman  - Batman #497 (1993);ETH;0.224;2022-06-20T17:37:55.657803Z;250.22815999999997;4.48;4.48;1.0;Comics Crisis on Infinite Earths #7 (1985);1.0;-98.21
5722;200415546;306773381777957027653907994784431499408;Comics Showcase #4 (1956);ETH;0.056;2022-05-16T20:33:31.059802Z;62.55703999999999;1.12;1.12;17.0;Comics Showcase #4 (1956);9.0;-98.21
159;209012588;66049915516021384452008499470167353515;DC Pride Uncommon Aqualad™;ETH;1.189380528;2022-06-17T10:04:23.927984Z;1328.64509402352;22.4;22.4;17.5;DC Pride Uncommon Aqualad™;15.5;-98.31
5779;208128661;216743043775555003278474843898470381273;Mythic The Originals Batman;ETH;28.0;2022-06-13T17:46:26.224309Z;31278.519999999997;448.0;448.0;1.0;Batman Universe Uncommon King Shark;1.0;-98.57
3413;209780531;117637308439463990449591978512124185917;Legends Batman;ETH;1.12;2022-06-20T15:03:41.401983Z;1251.1408000000001;16.8;16.8;1.5;Locations The Batcave;1.5;-98.66
263;203412843;92810347314867388098354239933186186749;Comics Action Comics #1 (1938);ETH;0.392;2022-05-29T01:49:12.540689Z;437.89928;5.6;5.6;13.5;Comics Action Comics #1 (1938);2.5;-98.72
555;210036873;193441963679593028839355700490394133706;Line Art / Inks The Flash;ETH;0.0784;2022-06-21T16:57:31.259387Z;87.57985599999999;1.12;1.12;2.0;Sketch Art / Pencils Wonder Woman;2.0;-98.72
3074;209353102;278114997953951062905294373732086414460;Head To Head The Cheetah VS. Wonder Woman;ETH;0.0683094;2022-06-18T19:38:24.014903Z;76.307747646;0.896;0.896;3.5;Head To Head The Cheetah VS. Wonder Woman;2.5;-98.83
525;210036932;218281258307117725222031738006039046370;Sketch Art / Pencils Wonder Woman;ETH;0.0784;2022-06-21T16:57:46.502353Z;87.57985599999999;1.008;1.008;1.0;The Batman Newspaper Clippings The Caped Crusader;1.0;-98.85
4757;208127688;145037916242603221676618537926208566607;Comics The Brave and the Bold #28 (1959);ETH;0.1792;2022-06-13T17:39:49.269701Z;200.182528;2.24;2.24;10.0;Comics The Brave and the Bold #28 (1959);5.0;-98.88
585;209780434;65486733665381526230527954677552285086;Legends Aquaman;ETH;0.448;2022-06-20T15:02:57.467566Z;500.45631999999995;5.6;5.6;2.5;Legends Aquaman;1.5;-98.88
390;210065011;28460080709446133773448082914845345960;Team-Ups Batman & Catwoman;ETH;0.336;2022-06-21T18:47:49.971731Z;375.34224;3.92;3.92;3.5;The Batman A Cruel Riddle please do not lie;3.5;-98.96
3523;208918738;200680834875179866195622772339380973306;Comics Wonder Woman #1 (1986);ETH;0.1008;2022-06-17T00:46:51.967916Z;112.602672;1.12;1.12;3.0;Comics Wonder Woman #1 (1986);2.0;-99.01
693;210003471;156955734727765109181420357974711935708;Head To Head Aquaman VS Black Manta;ETH;0.11144;2022-06-21T14:24:11.819175Z;124.48850959999999;1.12;1.12;5.0;Head To Head Aquaman VS Black Manta;4.0;-99.1
3682;209377821;107114202754213208170920982214504997848;Page 2 of Batman #1 (1940) Panel 2;ETH;0.0952;2022-06-18T21:59:10.165135Z;106.346968;0.952;0.952;4.0;Batman Universe Uncommon Scarecrow;4.0;-99.1
4903;208882116;134950893903500615408166261263387817755;Line Art / Inks The Joker;ETH;0.112;2022-06-16T21:02:48.834164Z;125.11407999999999;1.12;1.12;2.0;Line Art / Inks The Joker;1.0;-99.1
738;209806645;245316627712909191515643852350428461446;Legends The Joker;ETH;1.12;2022-06-20T17:29:35.035355Z;1251.1408000000001;10.08;10.08;2.5;Legends The Joker;1.5;-99.19
2144;209806874;27494355357713753240238692427839306549;Page 2 of Batman #1 (1940) Panel 5;ETH;0.1008;2022-06-20T17:31:03.022342Z;112.602672;0.84;0.84;2.0;Civilians Iris West as seen in The Flash #8 (2012);2.0;-99.25
4828;209004381;178607892592857553369965691408929375640;Sketch Art / Pencils Batman;ETH;0.168;2022-06-17T09:13:29.673847Z;187.67112;1.12;1.12;1.5;Super Heroes Aquaman;1.5;-99.4
5766;208354653;290251422447761869818690254949131259256;DC Pride Common Poison Ivy™ & Harley Quinn™;ETH;2.24;2022-06-14T19:36:56.079165Z;2502.2816000000003;14.56;14.56;18.0;DC Pride Common Super Friends™;18.0;-99.42
509;210037046;11309656949193288348697172400293354896;The Batman Newspaper Clippings The Caped Crusader;ETH;0.1792;2022-06-21T16:58:14.029641Z;200.182528;1.12;1.12;2.5;Superhuman Strength Legendary Bane;2.5;-99.44
658;210030798;48454798572093963279532126520137800493;Multiverse Superman of Earth-3;ETH;0.392;2022-06-21T16:34:48.199595Z;437.89928;2.24;2.24;2.5;Legends Darkseid;2.5;-99.49
2255;209105675;230346871470471665641925679711416666461;Legends Superman;ETH;4.48;2022-06-17T18:02:07.296673Z;5004.5632000000005;24.64;24.64;2.0;Legends Superman;1.0;-99.51
3486;203412944;88429557628009650166380771864390182480;Comics Detective Comics #38 (1940);ETH;0.224;2022-05-29T01:49:51.767812Z;250.22815999999997;1.12;1.12;14.0;Comics Detective Comics #38 (1940);5.0;-99.55
261;205511387;71612154196095637889243068520470152663;Comics Action Comics #1 (1938);ETH;1.12;2022-06-04T03:54:57.664592Z;1251.1408000000001;5.6;5.6;13.5;Comics Action Comics #1 (1938);4.5;-99.55
257;206773596;208308041223748088544765296565450707757;Comics Action Comics #1 (1938);ETH;1.12;2022-06-08T06:54:22.512696Z;1251.1408000000001;5.6;5.6;13.5;Comics Action Comics #1 (1938);8.5;-99.55
4332;209170063;76984249326139724441685481863184119441;"Iconic Quotes ""Half Man  Half Machine"" - Cyborg";ETH;0.2016;2022-06-18T00:07:33.963554Z;225.205344;0.9856;0.9856;1.5;Head To Head Batman VS The Joker;1.5;-99.56
4786;209004458;254767593144500311108261746141670841387;Super Heroes Aquaman;ETH;0.0392;2022-06-17T09:14:17.394565Z;43.789927999999996;0.1904;0.1904;2.5;Comics The Brave and the Bold #28 (1959);2.5;-99.57
4310;208431198;12707549902294658131522923002850638422;Head To Head Batman VS The Joker;ETH;0.24864;2022-06-15T03:14:02.511341Z;277.7532576;1.12;1.12;4.0;Head To Head Batman VS The Joker;1.0;-99.6
2358;209806132;149229561333644003360551887636139123955;Page 2 of Batman #1 (1940) Panel 9;ETH;1.12;2022-06-20T17:26:41.893282Z;1251.1408000000001;4.48;4.48;5.0;Page 2 of Batman #1 (1940) Panel 1;5.0;-99.64
353;210079587;8382303632378440865427156744357570384;Sketch Art / Pencils The Flash;ETH;0.3136;2022-06-21T19:24:48.613834Z;350.31942399999997;1.12;1.12;1.0;Comics Action Comics #1 (1938);1.0;-99.68
4997;208882547;126918414318794400093591478312815334598;Super Heroes The Flash;ETH;0.0896;2022-06-16T21:05:46.829209Z;100.091264;0.3136;0.3136;5.0;Superhuman Strength Common Superboy;5.0;-99.69
4858;208151394;160729378058217224718748839829867982542;Super Heroes Batman;ETH;0.336;2022-06-13T19:59:08.651443Z;375.34224;1.12;1.12;5.0;Super Heroes Batman;1.0;-99.7
4358;209118428;117782295611993119309278214081410608889;Super-Villains The Joker;ETH;0.28;2022-06-17T19:07:40.448006Z;312.78520000000003;0.8848;0.8848;3.0;"Iconic Quotes ""Half Man  Half Machine"" - Cyborg";3.0;-99.72
5000;208128030;149009829688142787992860571666194107415;Super Heroes The Flash;ETH;0.112;2022-06-13T17:42:06.050602Z;125.11407999999999;0.3136;0.3136;5.0;Super Heroes The Flash;2.0;-99.75
264;202909430;138300282236587785679258345830339175451;Comics Action Comics #1 (1938);ETH;2.24;2022-05-27T02:39:05.45865Z;2502.2816000000003;5.6;5.6;13.5;Comics Action Comics #1 (1938);1.5;-99.78
2089;209807381;327207472146673660864356715013493140166;Line Art / Inks Superman;ETH;0.448;2022-06-20T17:34:13.152106Z;500.45631999999995;0.9856;0.9856;1.5;Page 2 of Batman #1 (1940) Panel 8;1.5;-99.8
3487;202908938;175113213047651590153815632876609813418;Comics Detective Comics #38 (1940);ETH;0.56;2022-05-27T02:36:33.031145Z;625.5704000000001;1.12;1.12;14.0;Comics Detective Comics #38 (1940);4.0;-99.82
2421;209801980;238223417144033776022318846258916281723;Locations Arkham Asylum;ETH;0.56;2022-06-20T17:05:01.488687Z;625.5704000000001;0.56;0.56;1.0;Superhuman Strength Superior Firestorm;1.0;-99.91
5719;202909894;293959644218384383468689304825303906051;Comics Showcase #4 (1956);ETH;1.232;2022-05-27T02:41:44.35603Z;1376.25488;1.12;1.12;17.0;Comics Showcase #4 (1956);12.0;-99.92
2316;209806319;91462427594683534567110096651182677651;Page 2 of Batman #1 (1940) Panel 1;ETH;1.12;2022-06-20T17:27:37.987556Z;1251.1408000000001;0.952;0.952;3.5;Legends Superman;3.5;-99.92
2225;209806550;309366988223387871663028447241404781664;Page 2 of Batman #1 (1940) Panel 3;ETH;1.12;2022-06-20T17:28:58.576879Z;1251.1408000000001;0.952;0.952;2.0;Objects Batmobile;2.0;-99.92
172;210092493;235778273010765826692174811552753384996;The Batman Stills The Riddler;ETH;1.11;2022-06-21T20:05:32.333089Z;1239.9699;1.008;1.008;1.0;DC Pride Common Harley Quinn™;1.0;-99.92
5724;197605133;74438275842831114554534131706866708608;Comics Showcase #4 (1956);ETH;1.68;2022-05-08T23:47:21.982173Z;1876.7111999999997;1.12;1.12;17.0;Comics Showcase #4 (1956);7.0;-99.94
2061;209807651;92118653688651910349660930013011591665;Page 2 of Batman #1 (1940) Panel 8;ETH;11.2;2022-06-20T17:35:32.997071Z;12511.407999999998;1.12;1.12;5.0;Line Art / Inks Green Lantern & Black Lanterns;5.0;-99.99
